Datetime,Open,High,Low,Close,Volume,Previous_Close,Gap,SMA_20,EMA_12,RSI,MACD,Signal,Upper_BB,Lower_BB,Volume_MA_20
2024-04-10 09:30:00-04:00,513.48,513.61,513.18,513.28,587942.0,519.3,-5.819999999999936,517.8795,517.6740849739833,22.894424673783647,-0.1319834478562143,0.13403769219992798,520.2299846084841,515.5290153915159,366449.8
2024-04-10 09:31:00-04:00,513.27,513.27,512.76,512.91,491342.0,513.28,-0.009999999999990905,517.6515,516.9411488241398,21.956769055744687,-0.5022478627487317,0.006780581210196041,520.8871974355952,514.4158025644049,379468.05
2024-04-10 09:32:00-04:00,512.91,513.66,512.86,513.64,340838.0,512.91,0.0,517.443,516.4332797742721,27.78947368421038,-0.7283838246986534,-0.14025229997157385,521.140191537253,513.7458084627469,388482.6
2024-04-10 09:33:00-04:00,513.63,513.63,513.14,513.24,308467.0,513.64,-0.009999999999990905,517.218,515.9420059628457,25.99388379204862,-0.929164036201314,-0.29803464721752193,521.3600391621793,513.0759608378206,399496.0
2024-04-10 09:34:00-04:00,513.22,513.39,512.94,513.39,325704.0,513.24,-0.01999999999998181,516.9860000000001,515.5493896608695,27.108433734939283,-1.0639158938037099,-0.45121089653475954,521.4442526669175,512.5277473330827,407596.05
2024-04-10 09:35:00-04:00,513.37,513.82,513.2,513.77,454989.0,513.39,-0.01999999999998181,516.7845,515.2756374053511,30.34482758620659,-1.1270529230499733,-0.5863793018378023,521.4474354883366,512.1215645116633,422747.2
2024-04-10 09:36:00-04:00,513.75,513.91,513.43,513.62,273983.0,513.77,-0.01999999999998181,516.5730000000001,515.0209239583739,27.872127872127848,-1.1756411605158519,-0.7042316735734122,521.4128177434113,511.7331822565888,430677.45
2024-04-10 09:37:00-04:00,513.6,513.61,512.98,513.06,260496.0,513.62,-0.01999999999998181,516.3340000000001,514.7192433493933,26.698564593301256,-1.2449836125416596,-0.8123820613670617,521.3781561810583,511.28984381894173,438021.55
2024-04-10 09:38:00-04:00,513.08,513.77,512.98,513.68,362977.0,513.06,0.020000000000095497,516.125,514.559359757179,29.00834105653314,-1.2356652075756074,-0.897038690608771,521.2486931581532,511.0013068418468,449762.3
2024-04-10 09:39:00-04:00,513.7,513.72,513.17,513.5,234498.0,513.68,0.020000000000095497,515.9024999999999,514.3963813329976,25.897920604914404,-1.228641782515865,-0.9633593089901898,521.0787204256283,510.7262795743716,453840.8
2024-04-10 09:40:00-04:00,513.47,513.49,513.1,513.15,191090.0,513.5,-0.029999999999972715,515.6625,514.2046303586903,24.16666666666609,-1.2370577112295678,-1.0180989894380654,520.8839128960973,510.44108710390276,452813.0
2024-04-10 09:41:00-04:00,513.15,513.39,513.12,513.28,129285.0,513.15,0.0,515.4385,514.0623795342765,25.441039925718925,-1.219183493427181,-1.0583158902358887,520.6654192898978,510.2115807101021,452952.5
2024-04-10 09:42:00-04:00,513.26,513.51,513.1,513.12,197458.0,513.28,-0.01999999999998181,515.1919999999999,513.9173980674648,23.026315789473315,-1.2040491804090152,-1.087462548270514,520.3650784889247,510.01892151107506,456415.8
2024-04-10 09:43:00-04:00,513.1,513.74,513.06,513.68,149690.0,513.12,-0.01999999999998181,514.9795,513.8808752878548,23.88475836431195,-1.1337980898060778,-1.0967296565776268,520.0266439552688,509.93235604473125,455684.75
2024-04-10 09:44:00-04:00,513.72,514.16,513.62,514.05,257319.0,513.68,0.04000000000007731,514.7715000000001,513.9068944743386,57.53424657534243,-1.0363216160881166,-1.0846480484797247,519.5960524471944,509.9469475528057,452801.75
2024-04-10 09:45:00-04:00,514.06,514.1,513.17,513.28,444637.0,514.05,0.009999999999990905,514.5055,513.8104491705942,53.357531760435684,-1.0095657279490524,-1.0696315843735904,519.0178105296206,509.99318947037926,452382.9
2024-04-10 09:46:00-04:00,513.29,513.66,513.01,513.07,358064.0,513.28,0.009999999999990905,514.2225,513.6965339135797,44.28857715430901,-0.9938502517380812,-1.0544753178464885,518.3091142207708,510.13588577922917,449313.05
2024-04-10 09:47:00-04:00,513.07,513.17,512.72,513.02,391042.0,513.07,0.0,513.9449999999999,513.592451773029,47.629310344827225,-0.9742002318948835,-1.0384203006561676,517.5089156466968,510.38108435330304,441744.85
2024-04-10 09:48:00-04:00,513.03,513.15,512.84,512.94,194574.0,513.02,0.009999999999990905,513.649,513.4920745771784,45.07658643326095,-0.9540846866399306,-1.0215531778529203,516.3802067893589,510.9177932106411,406050.25
2024-04-10 09:49:00-04:00,512.93,513.39,512.67,512.76,273742.0,512.94,-0.010000000000104592,513.322,513.379447719151,38.44393592677327,-0.9418108584585525,-1.0056047139740467,513.9948603514487,512.6491396485513,311406.85
2024-04-10 09:50:00-04:00,512.78,513.39,512.72,513.3,248662.0,512.76,0.01999999999998181,513.323,513.3672249931278,46.63865546218426,-0.878384800955132,-0.9801607313702638,513.9956569469953,512.6503430530047,294442.85
2024-04-10 09:51:00-04:00,513.31,513.84,513.21,513.78,282932.0,513.3,0.009999999999990905,513.3665,513.4307288403389,57.69230769230826,-0.7803913393674975,-0.9402068529697106,514.0392250161017,512.6937749838983,284022.35
2024-04-10 09:52:00-04:00,513.77,513.82,513.34,513.46,201515.0,513.78,-0.009999999999990905,513.3575,513.4352320956714,47.48858447488671,-0.7202495522049048,-0.8962153928167496,514.0195502444952,512.6954497555047,277056.2
2024-04-10 09:53:00-04:00,513.46,513.75,513.14,513.72,228049.0,513.46,0.0,513.3815000000001,513.4790425424911,52.46636771300489,-0.6441812055425089,-0.8458085553619015,514.0602069749278,512.7027930250723,273035.3
2024-04-10 09:54:00-04:00,513.76,514.3,513.6,514.13,339814.0,513.72,0.03999999999996362,513.4185,513.5791898436463,60.84070796460256,-0.5445358489773753,-0.7855540140849963,514.1753431666262,512.6616568333737,273740.8
2024-04-10 09:55:00-04:00,514.12,514.12,513.67,513.89,223942.0,514.13,-0.009999999999990905,513.4245,513.6270067907776,56.58747300216031,-0.47940588757762725,-0.7243243887835225,514.1948580848339,512.6541419151661,262188.45
2024-04-10 09:56:00-04:00,513.88,514.32,513.75,514.26,211981.0,513.89,-0.009999999999990905,513.4565,513.7243903614273,61.77685950413257,-0.39339915556831784,-0.6581393421404815,514.3097606191151,512.6032393808849,259088.35
2024-04-10 09:57:00-04:00,514.29,514.48,514.05,514.23,302298.0,514.26,0.029999999999972715,513.515,513.8021764596692,56.380510440836304,-0.3239249449562749,-0.5912964627036402,514.4130563807918,512.6169436192082,261178.45
2024-04-10 09:58:00-04:00,514.21,514.28,513.99,514.19,181075.0,514.23,-0.01999999999998181,513.5405,513.8618416197202,51.75879396985059,-0.2689930141923469,-0.5268357730013816,514.4859929095602,512.5950070904397,252083.35
2024-04-10 09:59:00-04:00,514.21,514.22,513.79,513.99,203317.0,514.19,0.01999999999998181,513.5649999999999,513.8815582936094,60.41055718475171,-0.23884414519852726,-0.46923744744081075,514.5312406804494,512.5987593195505,250524.3
2024-04-10 10:00:00-04:00,514.0,514.0,513.53,513.59,264924.0,513.99,0.009999999999990905,513.587,513.8367031715156,57.22222222222215,-0.24441019775099448,-0.4242719975028475,514.533285814133,512.640714185867,254216.0
2024-04-10 10:01:00-04:00,513.6,514.22,513.59,513.89,200944.0,513.59,0.009999999999990905,513.6175000000001,513.8449026835901,61.298701298701964,-0.2220541398048681,-0.3838284259632516,514.561441902722,512.6735580972781,257798.95
2024-04-10 10:02:00-04:00,513.87,513.99,513.64,513.75,111868.0,513.89,-0.01999999999998181,513.6490000000001,513.8303022707302,60.358056265984345,-0.21317626945040047,-0.3496979946606814,514.564662544097,512.7333374559032,253519.45
2024-04-10 10:03:00-04:00,513.73,513.83,513.41,513.8,221432.0,513.75,-0.01999999999998181,513.655,513.8256403829255,63.7566137566142,-0.19980270983433002,-0.31971893769541115,514.5730872564477,512.7369127435522,257106.55
2024-04-10 10:04:00-04:00,513.8,513.81,513.48,513.56,122593.0,513.8,0.0,513.6305,513.7847726317061,53.735632183908145,-0.20619319492334398,-0.29701378914099774,514.5301718699666,512.7308281300334,250370.25
2024-04-10 10:05:00-04:00,513.57,514.04,513.57,513.89,143462.0,513.56,0.010000000000104592,513.6610000000001,513.8009614575975,51.651651651651946,-0.1825254189112684,-0.2741161150950519,514.5519580886411,512.770041911359,235311.5
2024-04-10 10:06:00-04:00,513.87,514.0,513.47,513.57,131431.0,513.89,-0.01999999999998181,513.686,513.7654289256594,51.651651651651946,-0.1874292933301831,-0.2567787507420782,514.5341658228695,512.8378341771306,223979.85
2024-04-10 10:07:00-04:00,513.58,514.14,513.57,514.05,104970.0,513.57,0.009999999999990905,513.7375,513.8092090909425,54.64788732394299,-0.15084481552935358,-0.23559196369953328,514.5392054190124,512.9357945809875,209676.25
2024-04-10 10:08:00-04:00,514.07,514.39,514.0,514.29,123965.0,514.05,0.020000000000095497,513.8050000000001,513.8831769231052,52.36686390532513,-0.10131743473914412,-0.20873705790745545,514.5492551910477,513.0607448089524,206145.8
2024-04-10 10:09:00-04:00,514.32,514.87,514.12,514.46,227087.0,514.29,0.030000000000086402,513.89,513.9719189349352,58.61027190332445,-0.04779806306885348,-0.17654925893973505,514.5096093845341,513.2703906154659,203813.05
2024-04-10 10:10:00-04:00,514.44,514.49,514.15,514.34,215253.0,514.46,-0.01999999999998181,513.942,514.028546791099,51.307189542484394,-0.014894873719526913,-0.14421838189569344,514.5267032535113,513.3572967464887,202142.6
2024-04-10 10:11:00-04:00,514.33,514.46,514.2,514.34,138384.0,514.34,-0.009999999999990905,513.97,514.0764626693914,51.815181518152116,0.01105372048539266,-0.11316396141947623,514.5753098379593,513.3646901620408,194915.2
2024-04-10 10:12:00-04:00,514.36,514.49,514.27,514.39,127485.0,514.34,0.01999999999998181,514.0165,514.1246991817927,53.28947368420956,0.035246451324155714,-0.08348187887074984,514.5993162118309,513.433683788169,191213.7
2024-04-10 10:13:00-04:00,514.39,514.49,513.95,514.22,197959.0,514.39,0.0,514.0415,514.1393608461323,53.82059800664512,0.040237947550281206,-0.058737913586543636,514.6135609094684,513.4694390905316,189709.2
2024-04-10 10:14:00-04:00,514.23,514.31,514.02,514.15,142571.0,514.22,0.009999999999990905,514.0425,514.1409976390349,60.447761194029475,0.0381060662738264,-0.03936911761446963,514.6152817623665,513.4697182376335,179847.05
2024-04-10 10:15:00-04:00,514.17,514.3,513.73,513.74,151519.0,514.15,0.01999999999998181,514.0350000000001,514.079305694568,47.31182795698951,0.0032949790484053665,-0.03083629828189463,514.6199876291402,513.45001237086,176225.9
2024-04-10 10:16:00-04:00,513.75,514.37,513.75,514.14,128835.0,513.74,0.009999999999990905,514.029,514.088643280019,56.393442622950936,0.007892617500829147,-0.023090515125349875,514.606686857384,513.451313142616,172068.6
2024-04-10 10:17:00-04:00,514.12,514.32,514.02,514.29,75964.0,514.14,-0.01999999999998181,514.0319999999999,514.1196212369392,57.77777777777826,0.023370623496475673,-0.013798287400984766,514.614683447449,513.4493165525508,160751.9
2024-04-10 10:18:00-04:00,514.29,514.68,514.29,514.59,181105.0,514.29,0.0,514.052,514.191987200487,66.04361370716684,0.05916255841043494,0.0007938817612991749,514.6829758523488,513.4210241476512,160753.4
2024-04-10 10:19:00-04:00,514.62,515.05,514.55,514.87,362767.0,514.59,0.029999999999972715,514.096,514.2962968619505,65.50632911392506,0.10886663780559047,0.022408432970157436,514.8240370146284,513.3679629853716,168725.9
2024-04-10 10:20:00-04:00,514.86,515.01,514.69,514.9,119542.0,514.87,-0.009999999999990905,514.1614999999999,514.3891742678043,73.17073170731669,0.14896109729966156,0.04771896583605826,514.9323170647447,513.3906829352552,161456.8
2024-04-10 10:21:00-04:00,514.87,514.97,514.6,514.75,175849.0,514.9,-0.029999999999972715,514.2045,514.4446859189113,63.779527559056206,0.16671076103671112,0.07151732487618884,515.0068511502797,513.4021488497204,160202.05
2024-04-10 10:22:00-04:00,514.77,514.99,514.74,514.8,81056.0,514.75,0.01999999999998181,514.257,514.4993496236942,60.851063829787456,0.18270595899548425,0.09375505170004793,515.0714510582292,513.4425489417707,158661.45
2024-04-10 10:23:00-04:00,514.78,514.93,514.51,514.58,160399.0,514.8,-0.01999999999998181,514.296,514.5117573738951,52.50000000000035,0.17560583250735817,0.11012520786150999,515.0928199954812,513.4991800045188,155609.8
2024-04-10 10:24:00-04:00,514.58,514.84,514.55,514.69,146605.0,514.58,0.0,514.3525000000001,514.5391793163727,57.32217573221879,0.17681677805080653,0.12346352189936931,515.0874292840595,513.6175707159407,156810.4
2024-04-10 10:25:00-04:00,514.69,515.13,514.67,514.89,250320.0,514.69,0.0,514.4024999999999,514.5931517292385,60.61776061776101,0.1917049344959878,0.13711180441869303,515.1410013273269,513.663998672673,162153.3
2024-04-10 10:26:00-04:00,514.89,514.93,514.59,514.74,159818.0,514.89,0.0,514.461,514.615743770894,56.505576208179555,0.18921896094730073,0.14753323572441457,515.1005689337287,513.8214310662713,163572.65
2024-04-10 10:27:00-04:00,514.73,514.85,514.56,514.67,103874.0,514.74,-0.009999999999990905,514.492,514.6240908830641,58.68725868725802,0.17953087385421895,0.15393276335037545,515.1073338844989,513.876666115501,163517.85
2024-04-10 10:28:00-04:00,514.66,514.84,514.6,514.64,78159.0,514.67,-0.009999999999990905,514.5094999999999,514.6265384395158,59.60784313725611,0.16750139395105634,0.15664648947051163,515.12053794347,513.8984620565298,161227.55
2024-04-10 10:29:00-04:00,514.64,514.84,514.63,514.66,84360.0,514.64,0.0,514.5195,514.631686371898,71.29629629629791,0.15776318156031266,0.15686982788847184,515.1336652443014,513.9053347556986,154091.2
2024-04-10 10:30:00-04:00,514.67,514.84,514.6,514.76,163121.0,514.66,0.009999999999990905,514.5405,514.6514269300675,66.6666666666687,0.1563128649399914,0.15675843529877576,515.1575379157015,513.9234620842984,151484.6
2024-04-10 10:31:00-04:00,514.76,514.95,514.67,514.71,97669.0,514.76,0.0,514.559,514.6604381715956,61.93181818182185,0.14940662981086916,0.15528807420119445,515.1729055301428,513.9450944698572,149448.85
2024-04-10 10:32:00-04:00,514.7,515.18,514.56,515.06,142126.0,514.71,-0.009999999999990905,514.5925,514.7219092221194,62.983425414365094,0.17021335009644645,0.15827312938024485,515.2397898967748,513.9452101032251,150180.9
2024-04-10 10:33:00-04:00,515.06,515.41,514.97,515.4,270013.0,515.06,0.0,514.6514999999999,514.8262308802549,64.17112299465423,0.21169766541879653,0.1689580365879552,515.3673145893017,513.9356854106982,153783.6
2024-04-10 10:34:00-04:00,515.34,515.57,515.18,515.28,271245.0,515.4,-0.05999999999994543,514.708,514.8960415140618,59.6938775510218,0.23221446328761886,0.18160932192788792,515.4354352927962,513.9805647072037,160217.3
2024-04-10 10:35:00-04:00,515.3,515.47,515.18,515.24,125496.0,515.28,0.01999999999998181,514.783,514.9489582042062,63.243243243245765,0.2424516757115498,0.1937777926846203,515.389459960883,514.1765400391171,158916.15
2024-04-10 10:36:00-04:00,515.26,515.52,515.26,515.5,119116.0,515.24,0.01999999999998181,514.851,515.0337338650975,66.99029126213935,0.2684500424172711,0.20871224263115049,515.4588746407708,514.2431253592292,158430.2
2024-04-10 10:37:00-04:00,515.48,515.51,515.31,515.43,109584.0,515.5,-0.01999999999998181,514.908,515.0946978858517,72.25130890052287,0.28017582781444617,0.22300495966780964,515.5081263024507,514.3078736975493,160111.2
2024-04-10 10:38:00-04:00,515.45,516.16,515.43,516.07,301708.0,515.43,0.020000000000095497,514.982,515.2447443649514,78.27868852459076,0.3372239408428186,0.24584875590281144,515.7566401541155,514.2073598458844,166141.35
2024-04-10 10:39:00-04:00,516.06,516.15,515.87,515.96,180525.0,516.07,-0.010000000000104592,515.0364999999999,515.3547836934205,72.76595744680935,0.36930181924583394,0.270539368571416,515.9232272766222,514.1497727233776,157029.25
2024-04-10 10:40:00-04:00,515.96,516.03,515.64,515.76,200916.0,515.96,0.0,515.0794999999999,515.4171246636635,71.2499999999988,0.37427107646476543,0.29128571015008586,516.0201263310612,514.1388736689387,161097.95
2024-04-10 10:41:00-04:00,515.77,515.89,515.68,515.72,93865.0,515.76,0.009999999999990905,515.128,515.4637208692537,72.15189873417862,0.3707082885141517,0.30717022582289905,516.0967017899459,514.1592982100542,156998.75
2024-04-10 10:42:00-04:00,515.76,515.79,515.57,515.58,103946.0,515.72,0.03999999999996362,515.167,515.4816099662917,68.95161290322676,0.35252424338466426,0.3162410293352521,516.1428796301706,514.1911203698295,158143.25
2024-04-10 10:43:00-04:00,515.59,515.69,515.49,515.54,131559.0,515.58,0.009999999999990905,515.2149999999999,515.4905930484007,67.59999999999911,0.3310692308941725,0.3192066696470362,516.1633614678144,514.2666385321854,156701.25
2024-04-10 10:44:00-04:00,515.56,515.63,515.25,515.26,156880.0,515.54,0.01999999999998181,515.2434999999999,515.4551171948006,59.328358208955,0.2881506971093586,0.3129954751395007,516.1591251818488,514.327874818151,157215.0
2024-04-10 10:45:00-04:00,515.27,515.5,515.26,515.35,101069.0,515.26,0.009999999999990905,515.2665,515.4389453186774,61.764705882352075,0.2584207837780923,0.30208053686721903,516.1677336573914,514.3652663426085,149752.45
2024-04-10 10:46:00-04:00,515.36,515.43,514.97,514.99,161594.0,515.35,0.009999999999990905,515.279,515.3698768081116,48.717948717949994,0.20346520172336113,0.28235746983844745,516.1560980860678,514.4019019139322,149841.25
2024-04-10 10:47:00-04:00,514.99,515.19,514.97,515.14,95742.0,514.99,0.0,515.3025,515.3345111453252,44.88188976378009,0.17005595422506303,0.25989716671577057,516.1349440869195,514.4700559130805,149434.65
2024-04-10 10:48:00-04:00,515.18,515.22,515.0,515.01,69706.0,515.14,0.03999999999996362,515.321,515.2845863537367,44.70588235294191,0.13157228790316822,0.2342321909532501,516.1065778965398,514.5354221034603,149012.0
2024-04-10 10:49:00-04:00,515.01,515.15,514.82,515.09,157766.0,515.01,0.0,515.3425,515.2546499916234,47.10424710424783,0.10630363437019241,0.20864647963663857,516.0735518737124,514.6114481262875,152682.3
2024-04-10 10:50:00-04:00,515.11,515.29,515.05,515.07,93315.0,515.09,0.01999999999998181,515.358,515.2262423006044,40.851063829789275,0.0836993772218193,0.18365705915367472,516.0491043793171,514.6668956206828,149192.0
2024-04-10 10:51:00-04:00,515.09,515.19,514.64,514.72,154440.0,515.07,0.01999999999998181,515.3585,515.1483588697422,36.50190114068703,0.037115422165697964,0.15434873175607938,516.0476421058526,514.6693578941475,152030.55
2024-04-10 10:52:00-04:00,514.72,514.82,514.61,514.78,95366.0,514.72,0.0,515.3444999999999,515.0916882743973,18.536585365852815,0.004981378493084776,0.12447526110348046,516.0696126953832,514.6193873046167,149692.55
2024-04-10 10:53:00-04:00,514.79,514.94,514.62,514.68,66145.0,514.78,0.009999999999990905,515.3085,515.0283516167976,18.62745098039123,-0.028228842372868712,0.09393444040821064,516.0912152469751,514.5257847530248,139499.15
2024-04-10 10:54:00-04:00,514.66,514.67,514.36,514.41,193332.0,514.68,-0.01999999999998181,515.265,514.9332205988287,18.009478672985452,-0.07546501151432494,0.06005455002370352,516.1450358844085,514.3849641155915,135603.5
2024-04-10 10:55:00-04:00,514.42,514.53,514.14,514.24,216050.0,514.41,0.009999999999990905,515.2149999999999,514.826571275932,16.964285714285438,-0.12517465957080276,0.02300870810480227,516.2074663589437,514.2225336410561,140131.2
2024-04-10 10:56:00-04:00,514.24,514.36,514.17,514.22,175273.0,514.24,0.0,515.1510000000001,514.7332526180963,17.92452830188654,-0.16428991477664567,-0.014451016471487318,516.2276008887393,514.0743991112608,142939.05
2024-04-10 10:57:00-04:00,514.22,514.33,514.04,514.09,120594.0,514.22,0.0,515.0840000000001,514.6342906768508,17.194570135747,-0.20343389062418282,-0.05224759130202642,516.250522497336,513.9174775026642,143489.55
2024-04-10 10:58:00-04:00,514.08,514.34,513.97,514.27,210054.0,514.09,-0.009999999999990905,514.994,514.5782459573353,26.540284360188252,-0.21742493847489186,-0.08528306073659951,516.117160952964,513.870839047036,138906.85
2024-04-10 10:59:00-04:00,514.3,514.51,514.3,514.46,121898.0,514.27,0.029999999999972715,514.9190000000001,514.5600542715914,29.864253393664768,-0.2107521134180388,-0.11037687127288737,515.968469038659,513.8695309613412,135975.5
2024-04-10 11:00:00-04:00,514.47,514.53,514.2,514.21,160557.0,514.46,0.009999999999990905,514.8415000000001,514.5061997682697,31.428571428571274,-0.22306540303543443,-0.1329145776253968,515.8578769503524,513.8251230496478,133957.55
2024-04-10 11:01:00-04:00,514.21,514.25,514.01,514.08,104385.0,514.21,0.0,514.7595,514.4406305731512,24.519230769231186,-0.24054088176092137,-0.15443983845250173,515.741495283484,513.777504716516,134483.55
2024-04-10 11:02:00-04:00,514.07,514.26,514.06,514.21,115672.0,514.08,-0.009999999999990905,514.691,514.4051489465126,30.7692307692312,-0.24112091914685152,-0.17177605459137169,515.6218038404601,513.76019615954,135069.85
2024-04-10 11:03:00-04:00,514.2,514.2,513.99,514.01,65905.0,514.21,-0.009999999999990905,514.6145,514.3443568008952,25.454545454543762,-0.2547819636042732,-0.18837723639395199,515.5019914380273,513.7270085619728,131787.15
2024-04-10 11:04:00-04:00,514.02,514.04,513.87,513.91,136789.0,514.01,0.009999999999990905,514.547,514.2775326776805,24.56140350876983,-0.27055877093016534,-0.20481354330119467,515.433129371535,513.6608706284651,130782.6
2024-04-10 11:05:00-04:00,513.92,514.11,513.86,513.96,113222.0,513.91,0.009999999999990905,514.4775,514.2286814964989,30.808080808081215,-0.27584762258504725,-0.2190203591579652,515.3151627885409,513.639837211459,131390.25
2024-04-10 11:06:00-04:00,513.97,514.0,513.82,513.9,129839.0,513.96,0.009999999999990905,514.423,514.1781151124221,27.777777777779377,-0.2816340719148229,-0.23154310170933676,515.2620997681977,513.5839002318023,129802.5
2024-04-10 11:07:00-04:00,513.89,514.33,513.87,514.29,109675.0,513.9,-0.009999999999990905,514.3805,514.1953281720495,41.40969162995661,-0.2518469986329137,-0.23560388109405217,515.1499009973173,513.6110990026826,130499.15
2024-04-10 11:08:00-04:00,514.29,514.31,513.91,513.92,96627.0,514.29,0.0,514.326,514.1529699917342,39.662447257384294,-0.25515516630503043,-0.23951413813624783,515.0613166163299,513.5906833836701,131845.2
2024-04-10 11:09:00-04:00,513.92,514.11,513.81,514.07,130773.0,513.92,0.0,514.275,514.1402053776212,46.38297872340551,-0.2428734724151127,-0.2401860049920208,514.9235773905349,513.6264226094651,130495.55
2024-04-10 11:10:00-04:00,514.07,514.08,513.81,513.84,105049.0,514.07,0.0,514.2135000000001,514.0940199349103,42.578125000000924,-0.24883085216038126,-0.2419149744256929,514.7716275084804,513.6553724915198,131082.25
2024-04-10 11:11:00-04:00,513.83,514.01,513.82,513.98,72114.0,513.84,-0.009999999999990905,514.1764999999999,514.0764784064626,47.85992217898829,-0.23949454452883856,-0.24143088844632205,514.6895414982041,513.6634585017957,126965.95
2024-04-10 11:12:00-04:00,513.97,514.01,513.74,513.75,80755.0,513.98,-0.009999999999990905,514.125,514.0262509593144,40.076335877864246,-0.24779806938136062,-0.24270432463332978,514.5872371229424,513.6627628770576,126235.4
2024-04-10 11:13:00-04:00,513.76,513.99,513.54,513.94,254449.0,513.75,0.009999999999990905,514.088,514.0129815809584,40.076335877864246,-0.2363230752414438,-0.2414280747549526,514.4756297744444,513.7003702255555,135650.6
2024-04-10 11:14:00-04:00,513.96,514.04,513.84,513.87,53768.0,513.94,0.01999999999998181,514.061,513.9909844146571,43.03278688524638,-0.23022360034269695,-0.2391871798725015,514.4289187552388,513.6930812447613,128672.4
2024-04-10 11:15:00-04:00,513.88,513.91,513.67,513.74,104822.0,513.87,0.009999999999990905,514.0360000000001,513.9523714277867,43.03278688524638,-0.23319154906494077,-0.23798805371098936,514.4202915558918,513.6517084441083,123111.0
2024-04-10 11:16:00-04:00,513.74,514.0,513.74,513.86,125969.0,513.74,0.0,514.018,513.9381604388965,42.79835390946575,-0.22328676189204089,-0.23504779534719966,514.3997191030242,513.6362808969759,120645.8
2024-04-10 11:17:00-04:00,513.86,513.9,513.5,513.5,83824.0,513.86,0.0,513.9885,513.8707511406047,40.154440154441744,-0.24169997123647136,-0.23637823052505402,514.4328457638187,513.5441542361814,118807.3
2024-04-10 11:18:00-04:00,513.49,513.75,513.48,513.75,110039.0,513.5,-0.009999999999990905,513.9625,513.8521740420501,47.08029197080387,-0.23342883928432911,-0.23578835227690906,514.3982630934494,513.5267369065506,113806.55
2024-04-10 11:19:00-04:00,513.74,513.74,513.56,513.62,67845.0,513.75,-0.009999999999990905,513.9205,513.8164549586578,43.97163120567379,-0.23465882035554841,-0.23556244589263695,514.3142658934886,513.5267341065113,111103.9
2024-04-10 11:20:00-04:00,513.61,513.91,513.61,513.9,86449.0,513.62,-0.009999999999990905,513.905,513.8293080419412,50.0,-0.21061212381187033,-0.23057238147648365,514.2744376949548,513.5355623050451,107398.5
2024-04-10 11:21:00-04:00,513.91,514.14,513.9,513.99,144858.0,513.9,0.009999999999990905,513.9005,513.8540298816425,44.52554744525678,-0.18219249405478877,-0.2208964039921447,514.2630915491377,513.5379084508622,109422.15
2024-04-10 11:22:00-04:00,513.98,513.99,513.8,513.92,64771.0,513.99,-0.009999999999990905,513.886,513.8641791306206,50.0,-0.16343418021017442,-0.20940395923575064,514.2184169859655,513.5535830140344,106877.1
2024-04-10 11:23:00-04:00,513.92,513.96,513.81,513.95,70269.0,513.92,0.0,513.883,513.8773823412944,47.41379310344849,-0.14448183540082482,-0.19641953446876548,514.2117680352155,513.5542319647845,107095.3
2024-04-10 11:24:00-04:00,513.95,513.97,513.77,513.88,63003.0,513.95,0.0,513.8815000000001,513.8777850580183,50.92592592592495,-0.1335706611439491,-0.18384975980380222,514.2100230103781,513.552976989622,103406.0
2024-04-10 11:25:00-04:00,513.88,513.98,513.86,513.9,74341.0,513.88,0.0,513.8785,513.8812027414001,48.0392156862738,-0.12190440597237284,-0.17146068903751635,514.2050948720557,513.5519051279443,101461.95
2024-04-10 11:26:00-04:00,513.91,514.1,513.91,514.02,75744.0,513.9,0.009999999999990905,513.8844999999999,513.9025561658001,56.99481865284822,-0.10180230398918866,-0.15752901202785083,514.2171116748441,513.5518883251557,98757.2
2024-04-10 11:27:00-04:00,514.02,514.33,514.01,514.16,133237.0,514.02,0.0,513.878,513.9421629095232,55.851063829784245,-0.07372456250391224,-0.1407681221230631,514.1810094664673,513.5749905335327,99935.3
2024-04-10 11:28:00-04:00,514.14,514.4,514.14,514.33,128314.0,514.16,-0.01999999999998181,513.8985,514.0018301542119,61.6161616161611,-0.03732491247978942,-0.12007948019440838,514.2627598839908,513.5342401160092,101519.65
2024-04-10 11:29:00-04:00,514.35,514.49,514.28,514.49,90812.0,514.33,0.01999999999998181,513.9195000000001,514.0769332074101,68.65671641790843,0.00438221973263353,-0.095187140209,514.3648017899562,513.4741982100439,99521.6
2024-04-10 11:30:00-04:00,514.49,514.53,514.22,514.28,161384.0,514.49,0.0,513.9415,514.108174252424,59.99999999999784,0.020256671241099866,-0.07209837791898004,514.4129713809829,513.4700286190172,102338.35
2024-04-10 11:31:00-04:00,514.26,514.27,513.96,513.99,121888.0,514.28,-0.01999999999998181,513.9419999999999,514.0899935982048,62.068965517240414,0.00932917118370824,-0.05581286809844238,514.4136644658536,513.4703355341462,104827.05
2024-04-10 11:32:00-04:00,513.99,514.09,513.78,513.84,87906.0,513.99,0.0,513.9465,514.0515330446349,52.33160621761719,-0.011304387792051784,-0.046911172037164266,514.4121303027891,513.4808696972109,105184.6
2024-04-10 11:33:00-04:00,513.85,513.88,513.66,513.84,93674.0,513.84,0.009999999999990905,513.9415,514.0189894993065,56.11111111111125,-0.02734145664442167,-0.04299722895861575,514.4095654474386,513.4734345525615,97145.85
2024-04-10 11:34:00-04:00,513.84,514.07,513.79,514.0,59309.0,513.84,0.0,513.948,514.0160680378747,52.976190476190844,-0.026830995413206438,-0.03976398224953389,514.4154950041183,513.4805049958817,97422.9
2024-04-10 11:35:00-04:00,514.01,514.09,513.86,514.02,53732.0,514.0,0.009999999999990905,513.962,514.0166729551247,50.93167701863263,-0.02452985347520098,-0.03671715649466731,514.4199404695074,513.5040595304926,94868.4
2024-04-10 11:36:00-04:00,514.03,514.07,513.75,513.76,54517.0,514.02,0.009999999999990905,513.957,513.9771848081824,45.55555555555661,-0.04318816274337678,-0.038011357744409204,514.4217625312508,513.4922374687492,91295.8
2024-04-10 11:37:00-04:00,513.74,513.81,513.58,513.65,75947.0,513.76,-0.01999999999998181,513.9644999999999,513.9268486838466,42.02127659574284,-0.06608925219575212,-0.04362693663467779,514.4022682635368,513.526731736463,90901.95
2024-04-10 11:38:00-04:00,513.63,513.71,513.47,513.61,102812.0,513.65,-0.01999999999998181,513.9575,513.8781027324856,42.70270270270284,-0.08646943051667222,-0.05219543541107668,514.4137951490934,513.5012048509066,90540.6
2024-04-10 11:39:00-04:00,513.61,513.65,513.4,513.5,106866.0,513.61,0.0,513.9515,513.8199330813339,39.69072164948481,-0.11022632885328676,-0.06380161409951869,514.4291378279252,513.4738621720749,92491.65
2024-04-10 11:40:00-04:00,513.51,513.55,513.35,513.45,124667.0,513.5,0.009999999999990905,513.929,513.7630202995903,34.75935828877087,-0.13157174687944462,-0.07735564065550388,514.4566322482576,513.4013677517423,94402.55
2024-04-10 11:41:00-04:00,513.44,513.46,513.32,513.43,77957.0,513.45,-0.009999999999990905,513.9010000000001,513.7117864073456,29.142857142856627,-0.1483914134596489,-0.09156279521633288,514.47260531095,513.3293946890501,91057.5
2024-04-10 11:42:00-04:00,513.44,513.5,513.24,513.38,145884.0,513.43,0.010000000000104592,513.874,513.660742344677,20.858895705517966,-0.16386674866112116,-0.10602358590529054,514.4910353567711,513.2569646432289,95113.15
2024-04-10 11:43:00-04:00,513.38,513.43,513.18,513.21,54481.0,513.38,0.0,513.837,513.5913973685729,10.975609756095366,-0.18768512525878123,-0.12235589377598868,514.5200612209055,513.1539387790945,94323.75
2024-04-10 11:44:00-04:00,513.2,513.22,513.0,513.13,136533.0,513.21,-0.009999999999990905,513.7995000000001,513.5204131580232,11.920529801322175,-0.21058915108017118,-0.1400025452368252,514.5514931410165,513.0475068589836,98000.25
2024-04-10 11:45:00-04:00,513.15,513.24,513.02,513.24,107814.0,513.13,0.01999999999998181,513.7665,513.4772726721735,21.804511278193942,-0.21735909551478017,-0.1554738552924162,514.5568703328709,512.976129667129,99673.9
2024-04-10 11:46:00-04:00,513.24,513.35,513.09,513.26,97261.0,513.24,0.0,513.7285,513.4438461072237,25.83333333333026,-0.218590714709876,-0.16809722717590816,514.5403406636045,512.9166593363956,100749.75
2024-04-10 11:47:00-04:00,513.23,513.4,513.13,513.27,104874.0,513.26,-0.029999999999972715,513.684,513.4171005522662,26.446280991731953,-0.21626687545006007,-0.17773115683073856,514.4938186931113,512.8741813068887,99331.6
2024-04-10 11:48:00-04:00,513.26,513.52,513.26,513.4,56533.0,513.27,-0.009999999999990905,513.6375,513.4144696980715,24.576271186438646,-0.2016112535177399,-0.18250717616813883,514.3963322052415,512.8786677947586,95742.55
2024-04-10 11:49:00-04:00,513.35,513.35,513.22,513.26,69589.0,513.4,-0.049999999999954525,513.5759999999999,513.3907051291374,20.76923076923009,-0.1989994556674901,-0.1858056320680091,514.2369849109868,512.915015089013,94681.4
2024-04-10 11:50:00-04:00,513.26,513.31,513.18,513.23,74990.0,513.26,0.0,513.5235,513.3659812631163,25.233644859812884,-0.1970785376289541,-0.1880602131801981,514.1118527405292,512.9351472594708,90361.7
2024-04-10 11:51:00-04:00,513.23,513.25,513.15,513.19,85987.0,513.23,0.0,513.4835,513.3389072226369,27.00000000000125,-0.1965185187939369,-0.18975187430294588,514.0465471607088,512.9204528392913,88566.65
2024-04-10 11:52:00-04:00,513.19,513.45,513.19,513.4,74014.0,513.19,0.0,513.4615000000001,513.348306111462,41.02564102563829,-0.1770880935665673,-0.18721911815567016,513.9997339541429,512.9232660458573,87872.05
2024-04-10 11:53:00-04:00,513.4,513.42,513.29,513.32,36634.0,513.4,0.0,513.4355,513.3439513250833,42.105263157895266,-0.16622849438761023,-0.18302099340205819,513.9462878331013,512.9247121668988,85020.05
2024-04-10 11:54:00-04:00,513.33,513.39,513.22,513.37,50985.0,513.32,0.009999999999990905,513.404,513.3479588135319,46.491228070172895,-0.15183731560773595,-0.17678425784319374,513.8405124944512,512.9674875055488,84603.85
2024-04-10 11:55:00-04:00,513.36,513.37,513.11,513.18,46422.0,513.37,-0.009999999999990905,513.362,513.3221189960655,40.45801526717352,-0.15398853091573983,-0.17222511245770297,513.6993331945228,513.0246668054772,84238.35
2024-04-10 11:56:00-04:00,513.19,513.28,513.13,513.25,53463.0,513.18,0.010000000000104592,513.3365,513.3110237659015,45.1127819548867,-0.14833505537740166,-0.16744710104164273,513.6199579703739,513.0530420296261,84185.65
2024-04-10 11:57:00-04:00,513.25,513.36,513.17,513.36,31249.0,513.25,0.0,513.322,513.3185585711474,55.90551181102334,-0.13344033744419903,-0.160645748322154,513.5646693655331,513.0793306344669,81950.75
2024-04-10 11:58:00-04:00,513.36,513.42,513.21,513.29,55073.0,513.36,0.0,513.3059999999999,513.314164944817,56.34920634920571,-0.1258340446196371,-0.15368340758165064,513.5074055869173,513.1045944130825,79563.8
2024-04-10 11:59:00-04:00,513.28,513.38,513.25,513.35,33110.0,513.29,-0.009999999999990905,513.2985,513.3196780302297,54.54545454545539,-0.11365436739674806,-0.14567759954467013,513.4796396667283,513.1173603332717,75876.0
2024-04-10 12:00:00-04:00,513.34,513.43,513.23,513.25,45734.0,513.35,-0.009999999999990905,513.2885,513.3089583332713,49.61240310077553,-0.11079388675318569,-0.13870085698637324,513.4559923404977,513.1210076595023,71929.35
2024-04-10 12:01:00-04:00,513.26,513.34,513.16,513.18,58697.0,513.25,0.009999999999990905,513.2760000000001,513.2891185896912,46.66666666666554,-0.11287420662779368,-0.13353552691465734,513.4361841043395,513.1158158956606,70966.35
2024-04-10 12:02:00-04:00,513.17,513.25,513.09,513.23,53794.0,513.18,-0.009999999999990905,513.2684999999999,513.2800234220464,43.30708661417534,-0.1092291671378689,-0.12867425495929966,513.422092077368,513.1149079226318,66361.85
2024-04-10 12:03:00-04:00,513.25,513.57,513.24,513.55,145794.0,513.23,0.01999999999998181,513.2855000000001,513.3215582801931,59.99999999999843,-0.07960152460714198,-0.11885970888886813,513.481295274173,513.0897047258271,70927.5
2024-04-10 12:04:00-04:00,513.56,513.72,513.54,513.64,124742.0,513.55,0.009999999999990905,513.3109999999999,513.3705493140096,63.57615894039535,-0.04830235710176112,-0.10474823853144673,513.549671762975,513.0723282370249,70337.95
2024-04-10 12:05:00-04:00,513.65,513.81,513.63,513.69,122696.0,513.64,0.009999999999990905,513.3335,513.4196955733928,66.44736842105037,-0.019241159117768802,-0.08764682264871115,513.623347509672,513.0436524903279,71082.05
2024-04-10 12:06:00-04:00,513.68,513.68,513.26,513.26,125449.0,513.69,-0.010000000000104592,513.3335,513.39512702364,45.97701149425408,-0.030555136091948043,-0.07622848533735854,513.623347509672,513.0436524903279,72491.45
2024-04-10 12:07:00-04:00,513.26,513.55,513.26,513.5,63727.0,513.26,0.0,513.345,513.4112613276955,54.73684210526076,-0.019925857241560152,-0.06496795971819887,513.642392174038,513.047607825962,70434.1
2024-04-10 12:08:00-04:00,513.48,513.53,513.36,513.36,59102.0,513.5,-0.01999999999998181,513.343,513.4033749695884,49.74874371859325,-0.022539090538430173,-0.05648218588224513,513.6393710333173,513.0466289666826,70562.55
2024-04-10 12:09:00-04:00,513.36,513.51,513.35,513.43,34212.0,513.36,0.0,513.3515,513.4074711281132,56.684491978608385,-0.018745594226402318,-0.048934867551076566,513.6475992008739,513.0554007991261,68793.7
2024-04-10 12:10:00-04:00,513.42,513.49,513.31,513.33,57102.0,513.43,-0.009999999999990905,513.3565,513.3955524930188,52.105263157895585,-0.023537064703077704,-0.0438553069814768,513.6472902118101,513.0657097881899,67899.3
2024-04-10 12:11:00-04:00,513.33,513.44,513.27,513.44,41013.0,513.33,0.0,513.369,513.402390571016,52.105263157895585,-0.018247908356215703,-0.03873382725642458,513.6510153036545,513.0869846963456,65650.6
2024-04-10 12:12:00-04:00,513.44,513.48,513.15,513.18,63023.0,513.44,0.0,513.358,513.3681766370136,47.368421052631575,-0.03463676981255048,-0.03791441576764976,513.6518384803726,513.0641615196273,65101.05
2024-04-10 12:13:00-04:00,513.15,513.15,513.01,513.03,98024.0,513.18,-0.029999999999972715,513.3435,513.3161494620884,42.66055045871505,-0.059048136824571884,-0.04214115997903419,513.6718307060685,513.0151692939314,68170.55
2024-04-10 12:14:00-04:00,513.03,513.1,512.98,513.01,162710.0,513.03,0.0,513.3255,513.269049544844,44.28571428571444,-0.07909638007538433,-0.04953220399830422,513.6856447076411,512.9653552923589,73756.8
2024-04-10 12:15:00-04:00,513.02,513.16,513.02,513.11,51053.0,513.01,0.009999999999990905,513.322,513.2445803840989,48.356807511738666,-0.08592510193761882,-0.056810783586167146,513.689386215711,512.954613784289,73988.35
2024-04-10 12:16:00-04:00,513.1,513.25,513.06,513.24,48750.0,513.11,-0.009999999999990905,513.3215,513.2438757096221,50.226244343891196,-0.07992566633765819,-0.06143376013646536,513.6893257595509,512.9536742404491,73752.7
2024-04-10 12:17:00-04:00,513.24,513.25,513.07,513.14,45377.0,513.24,0.0,513.3104999999999,513.2278948312187,39.69849246231299,-0.08229162800330414,-0.06560533370983311,513.6865445101307,512.9344554898692,74459.1
2024-04-10 12:18:00-04:00,513.11,513.32,513.11,513.23,48106.0,513.14,-0.029999999999972715,513.3075000000001,513.2282187033389,39.69849246231299,-0.07602801816290139,-0.06768987060044677,513.6851868654539,512.9298131345463,74110.75
2024-04-10 12:19:00-04:00,513.22,513.3,513.09,513.11,71497.0,513.23,-0.009999999999990905,513.2955,513.2100312105176,35.9223300970868,-0.07982686494699465,-0.07011726946975635,513.6826338676659,512.908366132334,76030.1
2024-04-10 12:20:00-04:00,513.1,513.26,513.05,513.1,38802.0,513.11,-0.009999999999990905,513.288,513.1931033319764,45.12195121951312,-0.08269118234261441,-0.07263205204432797,513.6845429556863,512.8914570443137,75683.5
2024-04-10 12:21:00-04:00,513.11,513.16,513.01,513.1,38799.0,513.1,0.009999999999990905,513.284,513.1787797424416,35.71428571428629,-0.08399295600190726,-0.07490423283584384,513.6866961763428,512.8813038236572,74688.6
2024-04-10 12:22:00-04:00,513.08,513.14,513.01,513.06,56326.0,513.1,-0.01999999999998181,513.2755,513.1605059359122,38.46153846153644,-0.08724656264666919,-0.07737269879800891,513.6899990634475,512.8610009365524,74815.2
2024-04-10 12:23:00-04:00,513.05,513.07,512.99,513.05,28796.0,513.06,-0.009999999999990905,513.2504999999999,513.1435050226949,34.67741935484041,-0.0895991426374394,-0.07981798756589502,513.6554938270075,512.8455061729923,68965.3
2024-04-10 12:24:00-04:00,513.06,513.29,513.06,513.27,70578.0,513.05,0.009999999999990905,513.232,513.1629657884341,47.79411764705704,-0.07287140168841688,-0.0784286703903994,513.5935522091122,512.8704477908877,66257.1
2024-04-10 12:25:00-04:00,513.26,513.52,513.25,513.48,81563.0,513.27,-0.009999999999990905,513.2215,513.2117402825212,51.369863013697135,-0.04218304166636244,-0.07117954464559201,513.5362112292379,512.9067887707621,64200.45
2024-04-10 12:26:00-04:00,513.48,513.52,513.37,513.46,58328.0,513.48,0.0,513.2315,513.2499340852103,61.47540983606779,-0.019254177926313787,-0.06079447130173637,513.5635922508458,512.8994077491542,60844.4
2024-04-10 12:27:00-04:00,513.45,513.58,513.38,513.55,67248.0,513.46,-0.009999999999990905,513.2339999999999,513.296098072101,72.41379310344591,0.0061089395671842794,-0.047413789127952244,513.5752299732596,512.8927700267402,61020.45
2024-04-10 12:28:00-04:00,513.54,513.57,513.36,513.37,59025.0,513.55,-0.009999999999990905,513.2345,513.3074675994701,63.63636363636363,0.011551736012847869,-0.03562068409979222,513.5765357013041,512.8924642986959,61016.6
2024-04-10 12:29:00-04:00,513.37,513.41,513.31,513.39,37793.0,513.37,0.0,513.2325,513.3201648918593,61.29032258064398,0.017279833102634257,-0.02504058065930693,513.5701622415781,512.8948377584218,61195.65
2024-04-10 12:30:00-04:00,513.4,513.45,513.24,513.28,50657.0,513.39,0.009999999999990905,513.23,513.3139856777271,51.63934426229355,0.012795808507917172,-0.01747330282586211,513.5653552710315,512.8946447289685,60873.4
2024-04-10 12:31:00-04:00,513.28,513.41,513.27,513.27,37332.0,513.28,0.0,513.2215,513.3072186503845,55.752212389380354,0.008339141848182408,-0.012310813891053207,513.5427655892888,512.9002344107112,60689.35
2024-04-10 12:32:00-04:00,513.27,513.39,513.25,513.28,24120.0,513.27,0.0,513.2265,513.30303116571,52.38095238095032,0.005550139287493039,-0.008738623255343959,513.5481585308057,512.9048414691943,58744.2
2024-04-10 12:33:00-04:00,513.29,513.37,513.25,513.36,55827.0,513.28,0.009999999999990905,513.243,513.3117956017546,62.376237623762485,0.00968354025235385,-0.005054190553804397,513.55595535232,512.9300446476801,56634.35
2024-04-10 12:34:00-04:00,513.37,513.44,513.36,513.41,47873.0,513.36,0.009999999999990905,513.263,513.3269039707154,64.7619047619028,0.01680021006518473,-0.0006833104300065724,513.5641626591777,512.9618373408224,50892.5
2024-04-10 12:35:00-04:00,513.42,513.66,513.41,513.63,83935.0,513.41,0.009999999999990905,513.289,513.3735341290669,70.86614173228268,0.03973435068701292,0.007400221793397326,513.6225865703457,512.9554134296543,52536.6
2024-04-10 12:36:00-04:00,513.63,513.71,513.57,513.64,123457.0,513.63,0.0,513.309,513.4145288784413,73.38709677419718,0.05804760216358318,0.0175296978674345,513.6764607031187,512.9415392968813,56271.95
2024-04-10 12:37:00-04:00,513.66,513.83,513.65,513.72,81559.0,513.64,0.01999999999998181,513.338,513.4615244356041,75.5725190839733,0.07811584645810399,0.0296469275855684,513.7392926480633,512.9367073519367,58081.05
2024-04-10 12:38:00-04:00,513.72,513.8,513.57,513.65,105625.0,513.72,0.0,513.3589999999999,513.4905206762804,66.37931034482784,0.08736457521933971,0.041190457112322665,513.7799713078365,512.9380286921634,60957.0
2024-04-10 12:39:00-04:00,513.66,513.72,513.56,513.57,94552.0,513.65,0.009999999999990905,513.382,513.502748264545,54.368932038837094,0.08723335615502492,0.05039903692086312,513.795895486326,512.9681045136739,62109.75
2024-04-10 12:40:00-04:00,513.57,513.65,513.42,513.47,79146.0,513.57,0.0,513.4005,513.4977100699996,50.45045045045009,0.07815922889778903,0.05595107531624831,513.7938914615526,513.0071085384474,64126.95
2024-04-10 12:41:00-04:00,513.47,513.58,513.39,513.57,48129.0,513.47,0.0,513.424,513.5088315976919,50.8928571428614,0.07813637444951382,0.060388135142901415,513.7974561200488,513.0505438799512,64593.45
2024-04-10 12:42:00-04:00,513.56,513.71,513.52,513.67,57547.0,513.57,-0.010000000000104592,513.4545,513.5336267365086,64.42307692307524,0.08520523350637177,0.06535155481559549,513.80148551452,513.1075144854801,64654.5
2024-04-10 12:43:00-04:00,513.67,513.69,513.54,513.56,41580.0,513.67,0.0,513.48,513.5376841616611,57.52212389380353,0.08099758480716446,0.06848076081390929,513.7725028113636,513.1874971886365,65293.7
2024-04-10 12:44:00-04:00,513.57,513.6,513.36,513.36,45555.0,513.56,0.010000000000104592,513.4845,513.5103481367902,53.27868852459207,0.0608235285920955,0.06694931436954653,513.765960476655,513.2030395233451,64042.55
2024-04-10 12:45:00-04:00,513.36,513.53,513.34,513.48,51665.0,513.36,0.0,513.4844999999999,513.5056791926686,57.894736842107065,0.053897148040732645,0.06433888110378376,513.7659604766549,513.203039523345,62547.65
2024-04-10 12:46:00-04:00,513.48,513.54,513.44,513.5,30441.0,513.48,0.0,513.4865,513.5048054707196,58.208955223882114,0.049451725693757,0.06136145002177841,513.7677958733077,513.2052041266923,61153.3
2024-04-10 12:47:00-04:00,513.49,513.53,513.41,513.46,23252.0,513.5,-0.009999999999990905,513.4820000000001,513.4979123213781,53.8461538461552,0.0422144093171255,0.05753204188084783,513.7618947169034,513.2021052830968,58953.5
2024-04-10 12:48:00-04:00,513.47,513.55,513.32,513.49,58639.0,513.46,0.009999999999990905,513.488,513.496695041166,53.12500000000194,0.038456233702163445,0.053716880245110954,513.7628856219995,513.2131143780006,58934.2
2024-04-10 12:49:00-04:00,513.52,513.71,513.51,513.66,70786.0,513.49,0.029999999999972715,513.5015000000001,513.5218188809866,51.21951219512105,0.04863480000153686,0.05270046419639614,513.7825712588486,513.2204287411515,60583.85
2024-04-10 12:50:00-04:00,513.65,513.71,513.51,513.56,52402.0,513.66,-0.009999999999990905,513.5155,513.5276928992964,46.969696969695015,0.04807800949538432,0.05177597325619378,513.7773537155368,513.2536462844631,60671.1
2024-04-10 12:51:00-04:00,513.59,513.68,513.56,513.66,51900.0,513.56,0.030000000000086402,513.535,513.5480478378662,47.76119402984821,0.05507108805045391,0.052434996215045805,513.7772265140943,513.2927734859056,61399.5
2024-04-10 12:52:00-04:00,513.65,513.77,513.47,513.55,106992.0,513.66,-0.009999999999990905,513.5485000000001,513.5483481705022,46.37681159420146,0.051147476228379674,0.05217749221771258,513.7588906139694,513.3381093860309,65543.1
2024-04-10 12:53:00-04:00,513.53,513.96,513.49,513.88,65616.0,513.55,-0.01999999999998181,513.5745,513.5993715288865,59.50920245398674,0.07381533048487654,0.056505059871145374,513.813398789238,513.3356012107619,66032.55
2024-04-10 12:54:00-04:00,513.88,513.98,513.82,513.95,54158.0,513.88,0.0,513.6015,513.6533143705963,65.00000000000142,0.09631789059471885,0.06446762601586008,513.8807678396034,513.3222321603965,66346.8
2024-04-10 12:55:00-04:00,513.94,514.15,513.89,514.1,216217.0,513.95,-0.009999999999990905,513.625,513.7220352366584,66.06060606060656,0.12481627369402304,0.07653735555149267,513.9825059807013,513.2674940192987,72960.9
2024-04-10 12:56:00-04:00,514.11,514.15,514.05,514.13,143716.0,514.1,0.009999999999990905,513.6495,513.7847990464032,64.55696202531828,0.148114821436252,0.09085284872844454,514.0724955828134,513.2265044171866,73973.85
2024-04-10 12:57:00-04:00,514.12,514.15,514.03,514.14,77880.0,514.13,-0.009999999999990905,513.6705,513.8394453469566,69.59459459459724,0.16547847198717136,0.1057779733801899,514.1466014928574,513.1943985071425,73789.9
2024-04-10 12:58:00-04:00,514.14,514.28,514.08,514.24,154557.0,514.14,0.0,513.7,513.9010691397325,81.88405797101443,0.1851738851311211,0.12165715573037615,514.2396295024577,513.1603704975424,76236.5
2024-04-10 12:59:00-04:00,514.23,514.38,514.15,514.16,89181.0,514.24,-0.009999999999990905,513.7295,513.9409046566967,75.37313432835575,0.19211275428801855,0.13574827544190463,514.3026712336476,513.1563287663524,75967.95
2024-04-10 13:00:00-04:00,514.17,514.36,514.16,514.29,71406.0,514.16,0.009999999999990905,513.7705,513.9946116325896,77.24137931034272,0.20573024147040542,0.1497446686476048,514.3815723963722,513.1594276036277,75580.95
2024-04-10 13:01:00-04:00,514.29,514.46,513.48,513.61,286516.0,514.29,0.0,513.7725,513.9354406121912,53.58851674641088,0.15980969448821725,0.1517576738157273,514.3810660453089,513.1639339546912,87500.3
2024-04-10 13:02:00-04:00,513.61,513.68,513.33,513.59,214576.0,513.61,0.0,513.7684999999999,513.8822959026234,52.40384615384665,0.12041542326869603,0.14548922370632106,514.3809420487537,513.1560579512461,95351.75
2024-04-10 13:03:00-04:00,513.58,513.62,513.0,513.14,257045.0,513.59,-0.009999999999990905,513.7475000000001,513.768096532989,38.98305084745861,0.052281274327356186,0.12684763383052808,514.4162576855849,513.0787423144152,106125.0
2024-04-10 13:04:00-04:00,513.14,513.14,512.58,512.83,279959.0,513.14,0.0,513.721,513.6237739894523,35.79766536965194,-0.026425324123351857,0.0961930422397521,514.4890433101323,512.9529566898677,117845.2
2024-04-10 13:05:00-04:00,512.84,512.88,512.43,512.48,229938.0,512.83,0.009999999999990905,513.671,513.4478087603057,29.078014184398427,-0.11570912263459832,0.053812609264882016,514.6151208664406,512.7268791335595,126758.85
2024-04-10 13:06:00-04:00,512.49,512.59,512.27,512.37,251957.0,512.48,0.009999999999990905,513.6145,513.281992027951,29.078014184398427,-0.19311712291971617,0.004426662827962378,514.7226986331194,512.5063013668806,137834.65
2024-04-10 13:07:00-04:00,512.36,512.48,512.3,512.34,124525.0,512.37,-0.009999999999990905,513.5585,513.137070177497,19.444444444444954,-0.25395681404995685,-0.047250032547621466,514.8042299698632,512.3127700301368,142898.3
2024-04-10 13:08:00-04:00,512.34,512.42,512.14,512.22,124434.0,512.34,0.0,513.495,512.9959824578821,16.342412451360673,-0.3083017935502994,-0.09946038474815706,514.8774082723633,512.1125917276368,146188.05
2024-04-10 13:09:00-04:00,512.21,512.43,512.13,512.16,139862.0,512.22,-0.009999999999990905,513.42,512.8673697720541,10.887096774192742,-0.3521526829758841,-0.14999884439370248,514.9222789704917,511.9177210295083,149641.85
2024-04-10 13:10:00-04:00,512.17,512.38,512.11,512.3,171923.0,512.16,0.009999999999990905,513.357,512.780082114815,14.671814671814317,-0.37132756576829706,-0.1942645886686214,514.9381667910028,511.7758332089972,155617.9
2024-04-10 13:11:00-04:00,512.29,512.33,512.09,512.18,119362.0,512.3,-0.009999999999990905,513.283,512.6877617894588,13.703703703703638,-0.3916916184886077,-0.23374999463261867,514.9411168773231,511.6248831226769,158991.0
2024-04-10 13:12:00-04:00,512.15,512.29,512.12,512.21,88641.0,512.18,-0.029999999999972715,513.216,512.614259975696,11.406844106465996,-0.4007894761072066,-0.2671578909275363,514.9358335292511,511.4961664707489,158073.45
2024-04-10 13:13:00-04:00,512.21,512.56,512.21,512.48,104203.0,512.21,0.0,513.146,512.5936045948197,20.212765957448227,-0.3818115642573048,-0.29008862559348997,514.8660048959289,511.4259951040711,160002.8
2024-04-10 13:14:00-04:00,512.5,512.84,512.44,512.75,205884.0,512.48,0.01999999999998181,513.086,512.6176654263859,23.986486486487408,-0.3410532394261736,-0.3002815483600267,514.7712849204426,511.40071507955753,167589.1
2024-04-10 13:15:00-04:00,512.74,512.74,512.47,512.49,122664.0,512.75,-0.009999999999990905,513.0055,512.5980245915573,27.952755905512404,-0.32597417308352306,-0.305420073304726,514.6398867351124,511.3711132648875,162911.45
2024-04-10 13:16:00-04:00,512.5,512.6,512.45,512.56,85154.0,512.49,0.009999999999990905,512.9269999999999,512.5921746543946,30.1158301158287,-0.3048612387913181,-0.3053083064020444,514.4829069110007,511.3710930889992,159983.35
2024-04-10 13:17:00-04:00,512.56,513.03,512.52,512.94,123026.0,512.56,0.0,512.867,512.6456862460262,46.03174603174753,-0.25453217359040536,-0.2951530798397166,514.3147437981813,511.41925620181865,162240.65
2024-04-10 13:18:00-04:00,512.97,512.99,512.76,512.81,91231.0,512.94,0.029999999999972715,512.7955,512.6709652850991,49.57264957264758,-0.22257028861997696,-0.2806365215957687,514.0909734960065,511.5000265039934,159074.35
2024-04-10 13:19:00-04:00,512.85,513.6,512.85,513.55,311605.0,512.81,0.04000000000007731,512.7650000000001,512.8062013950838,69.59706959706666,-0.13596117317456446,-0.2517014519115279,513.9491497060015,511.58085029399865,170195.55
2024-04-10 13:20:00-04:00,513.54,513.84,513.39,513.81,185238.0,513.55,-0.009999999999990905,512.741,512.9606319496863,74.99999999999704,-0.045814872775167714,-0.21052413608425585,513.8087452879349,511.6732547120651,175887.15
2024-04-10 13:21:00-04:00,513.82,514.29,513.76,514.2,281355.0,513.81,0.010000000000104592,512.7705,513.1513039574269,78.70370370370081,0.0564457884810281,-0.15713015117119908,513.9644756675261,511.5765243324738,175629.1
2024-04-10 13:22:00-04:00,514.18,514.92,514.07,514.84,334757.0,514.2,-0.020000000000095497,512.833,513.411103348592,84.84042553191188,0.1869754143828004,-0.08830903806039919,514.3058861748686,511.3601138251313,181638.15
2024-04-10 13:23:00-04:00,514.85,514.99,514.65,514.69,326329.0,514.84,0.009999999999990905,512.9105,513.6078566795778,82.85714285714184,0.27514562938415565,-0.015618104571488224,514.5987688111961,511.22223118880385,185102.35
2024-04-10 13:24:00-04:00,514.67,515.02,514.63,514.89,178988.0,514.69,-0.020000000000095497,513.0135,513.8051094981043,83.12020460357931,0.3570437108879787,0.05891425852040516,514.9185323936786,511.1084676063215,180053.8
2024-04-10 13:25:00-04:00,514.88,514.97,514.6,514.97,284097.0,514.89,-0.009999999999990905,513.138,513.9843234214729,86.04651162790582,0.42352176664292074,0.13183576014490828,515.2140144000917,511.0619855999083,182761.75
2024-04-10 13:26:00-04:00,514.97,515.05,514.72,514.85,134660.0,514.97,0.0,513.262,514.117504433554,83.3333333333319,0.46120660500764643,0.1977099291174559,515.4386860373465,511.08531396265334,176896.9
2024-04-10 13:27:00-04:00,514.86,515.14,514.59,514.59,172757.0,514.85,0.009999999999990905,513.3745,514.190196059161,76.70886075949277,0.46473510680334584,0.2511149646546339,515.5828904593552,511.16610954064475,179308.5
2024-04-10 13:28:00-04:00,514.6,514.78,514.4,514.44,152778.0,514.59,0.009999999999990905,513.4855,514.2286274346748,72.06266318537841,0.45023766397321197,0.29093950451834955,515.6726247647912,511.2983752352088,180725.7
2024-04-10 13:29:00-04:00,514.46,514.46,513.82,513.86,197820.0,514.44,0.01999999999998181,513.5705,514.1719155216479,66.50602409638478,0.38748054877601135,0.31024771336988194,515.6711512774366,511.4698487225635,183623.6
2024-04-10 13:30:00-04:00,513.88,514.25,513.71,514.08,173087.0,513.86,0.01999999999998181,513.6595,514.1577746721636,67.67441860465107,0.3514459935785226,0.3184873694116101,515.6829152993412,511.6360847006588,183681.8
2024-04-10 13:31:00-04:00,514.13,514.16,513.51,513.71,510115.0,514.08,0.049999999999954525,513.7360000000001,514.0888862610615,58.97435897435836,0.28969304014935915,0.31272850355915993,515.6358105168479,511.8361894831524,203219.45
2024-04-10 13:32:00-04:00,513.67,513.72,513.01,513.07,341391.0,513.71,-0.04000000000007731,513.779,513.9321345285905,52.70833333333439,0.18695562033849455,0.28757392691502687,515.5691473035331,511.98885269646684,215856.95
2024-04-10 13:33:00-04:00,513.07,513.25,512.74,512.93,310544.0,513.07,0.0,513.8015,513.7779599857304,42.61904761904785,0.09316470031183144,0.2486920815943878,515.5332624122719,512.0697375877281,226174.0
2024-04-10 13:34:00-04:00,512.94,513.36,512.72,513.31,282114.0,512.93,0.010000000000104592,513.8295,513.7059661417718,44.21296296296319,0.04893347008794535,0.2087403592930993,515.5069350720609,512.1520649279393,229985.5
2024-04-10 13:35:00-04:00,513.32,513.47,512.78,512.92,179360.0,513.31,0.010000000000104592,513.851,513.5850482738069,35.18518518518435,-0.017389385159617632,0.16351441040255593,515.4660072510611,512.2359927489389,232820.3
2024-04-10 13:36:00-04:00,512.9,512.98,512.59,512.64,140654.0,512.92,-0.01999999999998181,513.855,513.4396562316828,22.2222222222219,-0.09148974884180916,0.11251357855368292,515.4568870450786,512.2531129549214,235595.3
2024-04-10 13:37:00-04:00,512.65,513.03,512.58,512.58,142388.0,512.64,0.009999999999990905,513.837,513.3074014268085,22.739018087855158,-0.15328929589941254,0.059353003663063834,515.4894699216725,512.1845300783275,236563.4
2024-04-10 13:38:00-04:00,512.59,512.78,512.54,512.65,100846.0,512.58,0.009999999999990905,513.8290000000001,513.206262745761,20.05347593582883,-0.1943768123018117,0.008607040470088728,515.5038027377734,512.1541972622267,237044.15
2024-04-10 13:39:00-04:00,512.66,512.71,512.4,512.59,136048.0,512.65,0.009999999999990905,513.781,513.111453092567,18.010752688171365,-0.2291390908245603,-0.03894218578884108,515.5422662908528,512.0197337091471,228266.3
2024-04-10 13:40:00-04:00,512.57,512.89,512.29,512.43,173565.0,512.59,-0.01999999999998181,513.712,513.0066141552489,17.819148936169157,-0.2665267552987416,-0.08445909969082119,515.5737433821495,511.85025661785045,227682.65
2024-04-10 13:41:00-04:00,512.45,512.97,512.4,512.75,126562.0,512.43,0.020000000000095497,513.6395,512.9671350544414,25.916230366492044,-0.26725467754715737,-0.12101821526208843,515.5338736640037,511.74512633599625,219943.0
2024-04-10 13:42:00-04:00,512.75,513.08,512.68,512.9,169798.0,512.75,0.0,513.5424999999999,512.9568065845274,29.842931937172025,-0.25281353768423287,-0.14737727974651732,515.3757355635598,511.70926443644,211695.05
2024-04-10 13:43:00-04:00,512.91,513.23,512.74,512.75,108457.0,512.9,0.009999999999990905,513.4455,512.9249901869077,33.62831858407053,-0.2505840003252615,-0.16801862386226618,515.2276746030369,511.6633253969631,200801.45
2024-04-10 13:44:00-04:00,512.77,512.81,512.5,512.58,107462.0,512.75,0.01999999999998181,513.3299999999999,512.8719147735374,27.54491017964017,-0.25954280723397005,-0.18632346053660695,515.0147551750679,511.645244824932,197225.15
2024-04-10 13:45:00-04:00,512.59,512.66,512.5,512.62,90009.0,512.58,0.009999999999990905,513.2125,512.8331586545316,31.893687707639927,-0.2604131795159219,-0.20114140433246996,514.7357081794065,511.68929182059344,187520.75
2024-04-10 13:46:00-04:00,512.62,512.72,512.47,512.51,103366.0,512.62,0.0,513.0955,512.7834419384499,38.70967741935321,-0.26690235233490966,-0.2142935939329579,514.437854177092,511.753145822908,185956.05
2024-04-10 13:47:00-04:00,512.54,512.74,512.54,512.64,83591.0,512.51,0.029999999999972715,512.9979999999999,512.7613739479191,44.129554655870706,-0.2585744694741834,-0.223149769041203,514.1535741338658,511.842425866134,181497.75
2024-04-10 13:48:00-04:00,512.64,512.86,512.6,512.66,100840.0,512.64,0.0,512.909,512.7457779559315,34.59715639810325,-0.24750761572886404,-0.22802133837873523,513.8514916584388,511.9665083415611,178900.85
2024-04-10 13:49:00-04:00,512.65,513.17,512.54,513.12,89468.0,512.66,-0.009999999999990905,512.8720000000001,512.8033505780959,54.587155963304134,-0.19932124751562696,-0.22228132020611358,513.7095553398308,512.0344446601694,173483.25
2024-04-10 13:50:00-04:00,513.11,513.31,512.8,512.82,116286.0,513.12,-0.009999999999990905,512.809,512.8059120276196,54.09090909091087,-0.1832285516503589,-0.21447076649496266,513.4239334580294,512.1940665419705,170643.2
2024-04-10 13:51:00-04:00,512.83,512.98,512.62,512.82,88965.0,512.82,0.009999999999990905,512.7645,512.8080794079858,55.60747663551456,-0.16853223948635332,-0.2052830610932408,513.2105103844829,512.3184896155171,149585.7
2024-04-10 13:52:00-04:00,512.78,513.12,512.78,513.02,64499.0,512.82,-0.04000000000007731,512.762,512.840682575988,58.149779735683396,-0.13914302352327468,-0.19205505357924757,513.201310464386,512.3226895356139,135741.1
2024-04-10 13:53:00-04:00,513.03,513.2,512.88,513.08,46620.0,513.02,0.009999999999990905,512.7695,512.8775006412206,60.792951541850506,-0.1097452842527673,-0.17559309971395154,513.2256844039805,512.3133155960195,122544.9
2024-04-10 13:54:00-04:00,513.11,513.29,512.97,513.23,49333.0,513.08,0.029999999999972715,512.7655,512.9317313118021,67.69911504425025,-0.07349639696963095,-0.15517375916508744,513.2027389445664,512.3282610554336,110905.85
2024-04-10 13:55:00-04:00,513.21,513.33,513.1,513.26,204648.0,513.23,-0.01999999999998181,512.7825,512.9822341869094,62.944162436549306,-0.04186554343482385,-0.13251211601903473,513.2687260681851,512.296273931815,112170.25
2024-04-10 13:56:00-04:00,513.27,514.4,513.26,514.38,434144.0,513.26,0.009999999999990905,512.8695,513.197275081231,75.17006802721268,0.07273829387531805,-0.09146203404016418,513.7282990389981,512.0107009610019,126844.75
2024-04-10 13:57:00-04:00,514.36,514.9,514.18,514.55,419911.0,514.38,-0.01999999999998181,512.9680000000001,513.4053866071955,80.4054054054066,0.1752599522365017,-0.038117636784831,514.0965314164023,511.83946858359786,140720.9
2024-04-10 13:58:00-04:00,514.55,514.57,513.69,513.79,312454.0,514.55,0.0,513.025,513.4645578983962,67.04225352112644,0.19295914380450085,0.008097719333035368,514.2001013393779,511.8498986606221,151301.3
2024-04-10 13:59:00-04:00,513.78,513.92,513.68,513.76,146884.0,513.79,-0.009999999999990905,513.0835,513.5100105294122,66.10169491525474,0.20223390479031877,0.04692495642449205,514.2836451666221,511.8833548333778,151843.1
2024-04-10 14:00:00-04:00,513.78,514.14,513.21,513.93,398145.0,513.76,0.01999999999998181,513.1585,513.5746242941179,69.72222222222278,0.22075704909775595,0.08169137495914483,514.3740704746589,511.94292952534107,163072.1
2024-04-10 14:01:00-04:00,513.9,514.31,513.56,514.21,160848.0,513.93,-0.029999999999972715,513.2315000000001,513.6723744027151,70.93333333333463,0.25508991658534796,0.11637108328438546,514.5171171976385,511.94588280236167,164786.4
2024-04-10 14:02:00-04:00,514.18,514.32,513.96,514.15,121409.0,514.21,-0.030000000000086402,513.2940000000001,513.7458552638359,69.65699208443303,0.2742955544564438,0.14795597751879713,514.6322219153243,511.95577808467584,162366.95
2024-04-10 14:03:00-04:00,514.13,514.31,513.93,514.0,132968.0,514.15,-0.01999999999998181,513.3565000000001,513.784954454015,62.64367816091982,0.27425101940434615,0.17321498589590695,514.7044696232414,512.0085303767588,163592.5
2024-04-10 14:04:00-04:00,514.03,514.55,513.98,514.37,214143.0,514.0,0.029999999999972715,513.4459999999999,513.8749614610896,71.83098591549259,0.300606429042773,0.19869327452528018,514.8144320647035,512.0775679352963,168926.55
2024-04-10 14:05:00-04:00,514.35,514.36,513.92,514.3,163791.0,514.37,-0.01999999999998181,513.53,513.9403520055373,70.44198895027489,0.3122454943828643,0.22140371849679702,514.8911759621448,512.1688240378552,172615.65
2024-04-10 14:06:00-04:00,514.3,514.32,513.92,513.94,106625.0,514.3,0.0,513.6015,513.9402978508393,62.16931216931322,0.2890881182888734,0.2349405984552123,514.885101430157,512.317898569843,172778.6
2024-04-10 14:07:00-04:00,513.96,514.02,513.62,513.62,127684.0,513.94,0.01999999999998181,513.6505,513.8910212584025,56.68316831683129,0.2421233578927513,0.23637715034272014,514.8517357671764,512.4492642328236,174983.25
2024-04-10 14:08:00-04:00,513.61,514.32,513.57,514.21,149238.0,513.62,-0.009999999999990905,513.7280000000001,513.940094910956,60.937500000000156,0.24963389196545904,0.23902849866726794,514.8580600822071,512.597939917793,177403.15
2024-04-10 14:09:00-04:00,514.2,514.27,514.03,514.07,62171.0,514.21,-0.009999999999990905,513.7755,513.9600803092704,58.823529411765286,0.2415052916866216,0.23952385727113867,514.8774690510165,512.6735309489834,176038.3
2024-04-10 14:10:00-04:00,514.05,514.22,513.84,514.01,94411.0,514.07,-0.020000000000095497,513.835,513.9677602616904,44.75920679886692,0.22759820837200095,0.23713872749131115,514.8443562304388,512.8256437695612,174944.55
2024-04-10 14:11:00-04:00,514.01,514.05,513.73,513.87,85044.0,514.01,0.0,513.8875,513.9527202214304,40.285714285715315,0.2029405424318611,0.23029909047942115,514.7766361863187,512.9983638136814,174748.5
2024-04-10 14:12:00-04:00,513.88,514.34,513.86,514.31,96355.0,513.87,0.009999999999990905,513.952,514.0076863412103,58.176100628930364,0.2164088606560881,0.22752104451475455,514.7595850940539,513.1444149059461,176341.3
2024-04-10 14:13:00-04:00,514.3,514.46,514.15,514.24,92860.0,514.31,-0.009999999999990905,514.01,514.043426904101,57.45341614906854,0.21891071840263976,0.22579897929233161,514.7138540518064,513.3061459481936,178653.3
2024-04-10 14:14:00-04:00,514.23,514.39,514.06,514.37,93983.0,514.24,-0.009999999999990905,514.067,514.0936689188547,56.91823899371141,0.22874652468954082,0.22638848837177347,514.684195695258,513.449804304742,180885.8
2024-04-10 14:15:00-04:00,514.36,514.68,514.29,514.43,171389.0,514.37,-0.009999999999990905,514.1255,514.1454121621078,53.71621621621485,0.23863216751044547,0.2288372241995079,514.6326063419397,513.6183936580603,179222.85
2024-04-10 14:16:00-04:00,514.43,514.49,514.08,514.16,116380.0,514.43,0.0,514.1144999999999,514.1476564448604,50.157728706624475,0.22211941282580483,0.2274936619247673,514.6077160836724,513.6212839163275,163334.65
2024-04-10 14:17:00-04:00,514.18,514.39,513.84,513.89,67805.0,514.16,0.01999999999998181,514.0815,514.108016991805,48.32826747720337,0.1851123325136541,0.2190173960425447,514.5390575890508,513.6239424109492,145729.35
2024-04-10 14:18:00-04:00,513.9,514.05,513.58,513.65,117579.0,513.89,0.009999999999990905,514.0745000000001,514.0375528392196,38.607594936707905,0.13486333987577837,0.20218658480919144,514.55456468855,513.5944353114501,135985.6
2024-04-10 14:19:00-04:00,513.62,513.76,513.45,513.73,188871.0,513.65,-0.029999999999972715,514.0730000000001,513.9902370178013,41.009463722398046,0.10033933322358735,0.18181713449207063,514.5573704540654,513.5886295459347,138084.95
2024-04-10 14:20:00-04:00,513.73,514.26,513.73,514.06,158507.0,513.73,0.0,514.0795,514.0009697842934,51.91082802547605,0.09847192820291184,0.16514809323423887,514.5592576141663,513.5997423858338,126103.05
2024-04-10 14:21:00-04:00,514.06,514.21,513.83,514.02,118807.0,514.06,0.0,514.0699999999999,514.0038975097867,56.993006993007114,0.09269579118449656,0.15065763282429043,514.5463899330908,513.593610066909,124001.0
2024-04-10 14:22:00-04:00,514.04,514.06,513.51,513.53,170726.0,514.02,0.01999999999998181,514.039,513.9309902005888,37.68115942028765,0.04802564632745998,0.13013123552492434,514.5709240150844,513.5070759849156,126466.85
2024-04-10 14:23:00-04:00,513.52,513.6,513.16,513.36,203925.0,513.53,-0.009999999999990905,514.007,513.8431455543443,37.27598566308058,-0.001080884786460956,0.10388881146264728,514.6196766125023,513.3943233874976,130014.7
2024-04-10 14:24:00-04:00,513.35,513.4,513.08,513.22,218820.0,513.36,-0.009999999999990905,513.9495000000001,513.7472770075221,36.23693379790842,-0.050710436117469726,0.07296896194662388,514.6307519434496,513.2682480565505,130248.55
2024-04-10 14:25:00-04:00,513.21,513.53,513.21,513.26,73982.0,513.22,-0.009999999999990905,513.8974999999999,513.6723113140572,38.98916967508858,-0.0858252078313626,0.04121012799102658,514.6234077800863,513.1715922199136,125758.1
2024-04-10 14:26:00-04:00,513.31,513.41,513.23,513.28,78612.0,513.26,0.049999999999954525,513.8644999999999,513.6119557272791,28.085106382976335,-0.11076327446960477,0.01081544749890031,514.6405486961997,513.0884513038001,124357.45
2024-04-10 14:27:00-04:00,513.28,513.78,513.28,513.5,117190.0,513.28,0.0,513.8585,513.5947317692362,35.19999999999848,-0.11148952867927164,-0.01364554773673408,514.644302305344,513.0726976946561,123832.75
2024-04-10 14:28:00-04:00,513.5,513.5,513.16,513.36,67420.0,513.5,0.0,513.816,513.5586191893537,29.88047808764769,-0.12195608649392398,-0.03530765548817206,514.6136122260117,513.0183877739884,119741.85
2024-04-10 14:29:00-04:00,513.36,513.48,513.11,513.2,74352.0,513.36,0.0,513.7724999999999,513.5034470063763,26.436781609195307,-0.1415301008901224,-0.056552144568562134,514.6058792969328,512.939120703067,120350.9
2024-04-10 14:30:00-04:00,513.19,513.4,513.12,513.31,72030.0,513.2,-0.009999999999990905,513.7375,513.4736859284723,32.65306122448723,-0.1464780597373192,-0.07453732760231355,514.5875123837661,512.8874876162338,119231.85
2024-04-10 14:31:00-04:00,513.29,513.51,513.18,513.49,57987.0,513.31,-0.01999999999998181,513.7185000000001,513.4761957856304,41.52542372881327,-0.1343264256747716,-0.08649514721680517,514.5730180235405,512.8639819764596,117879.0
2024-04-10 14:32:00-04:00,513.5,513.54,513.23,513.23,47376.0,513.49,0.009999999999990905,513.6645000000001,513.438319510918,41.1764705882353,-0.14401586992016746,-0.09799929175747762,514.4978691921649,512.8311308078353,115430.05
2024-04-10 14:33:00-04:00,513.22,513.25,513.0,513.13,81039.0,513.23,-0.009999999999990905,513.6089999999999,513.3908857400075,37.49999999999822,-0.15794331632400826,-0.10998809667078376,514.4287278110036,512.7892721889963,114839.0
2024-04-10 14:34:00-04:00,513.12,513.41,513.11,513.32,55808.0,513.13,-0.009999999999990905,513.5565,513.3799802415449,33.62831858407222,-0.15189851431762236,-0.11837018020015148,514.3021618394882,512.8108381605118,112930.25
2024-04-10 14:35:00-04:00,513.31,513.39,513.16,513.33,51558.0,513.32,-0.010000000000104592,513.5015000000001,513.3722909736149,34.529147982063435,-0.14463380033191697,-0.12362290422650458,514.128750474544,512.8742495254562,106938.7
2024-04-10 14:36:00-04:00,513.32,513.55,513.19,513.39,58196.0,513.33,-0.009999999999990905,513.463,513.3750154392126,46.11111111111115,-0.13250749962708142,-0.12539982330661995,514.0093794709138,512.9166205290861,104029.5
2024-04-10 14:37:00-04:00,513.36,513.51,513.27,513.39,46258.0,513.39,-0.029999999999972715,513.438,513.3773207562568,50.92024539877224,-0.12149677970580797,-0.12461921458645756,513.9465624734422,512.9294375265578,102952.15
2024-04-10 14:38:00-04:00,513.42,513.78,513.36,513.72,103610.0,513.39,0.029999999999972715,513.4415,513.4300406399096,63.73626373626422,-0.08516078227796697,-0.11672752812475945,513.9571202191986,512.9258797808014,102253.7
2024-04-10 14:39:00-04:00,513.73,513.94,513.56,513.88,113876.0,513.72,0.009999999999990905,513.449,513.4992651568466,65.97938144329957,-0.04295838221594295,-0.10197369894299615,513.9862013245311,512.9117986754688,98503.95
2024-04-10 14:40:00-04:00,513.86,513.98,513.76,513.88,100715.0,513.88,-0.01999999999998181,513.4399999999999,513.557839748101,65.62500000000092,-0.009404269549577293,-0.08345981306431238,513.9387563479864,512.9412436520134,95614.35
2024-04-10 14:41:00-04:00,513.88,513.94,513.63,513.77,99600.0,513.88,0.0,513.4275,513.5904797868546,57.458563535911324,0.008216807548592442,-0.06512448894173142,513.8749430277452,512.9800569722548,94654.0
2024-04-10 14:42:00-04:00,513.76,514.11,513.7,513.95,77515.0,513.77,-0.009999999999990905,513.4485000000001,513.645790588877,65.9459459459466,0.036287830260334886,-0.04484202510131816,513.9520986287388,512.9449013712614,89993.45
2024-04-10 14:43:00-04:00,513.95,514.02,513.82,513.9,66925.0,513.95,0.0,513.4755,513.6848997290498,70.11494252873226,0.05387865625652921,-0.02509788882974869,514.0156939222211,512.9353060777789,83143.45
2024-04-10 14:44:00-04:00,513.91,514.11,513.85,513.9,80802.0,513.9,0.009999999999990905,513.5095,513.7179920784267,68.09815950920095,0.06704664065523502,-0.006668982932751947,514.0672954727269,512.9517045272731,76242.55
2024-04-10 14:45:00-04:00,513.91,514.08,513.85,513.89,64950.0,513.9,0.009999999999990905,513.541,513.7444548355918,63.69863013698411,0.07580165247009063,0.009825144147816569,514.1105020908656,512.9714979091345,75790.95
2024-04-10 14:46:00-04:00,513.89,514.12,513.77,514.07,74613.0,513.89,0.0,513.5805,513.7945387070392,80.43478260869189,0.09615613007474622,0.027091341333202498,514.1824433440079,512.9785566559922,75591.0
2024-04-10 14:47:00-04:00,514.07,514.11,513.87,513.93,79062.0,514.07,0.0,513.6020000000001,513.8153789059562,78.16901408449948,0.09983948284093458,0.04164096963474891,514.2222749814023,512.9817250185979,73684.6
2024-04-10 14:48:00-04:00,513.94,513.97,513.67,513.94,54716.0,513.93,0.010000000000104592,513.631,513.8345513819629,74.99999999999312,0.10238524944873006,0.053789825597545145,514.2578349903965,513.0041650096034,73049.4
2024-04-10 14:49:00-04:00,513.95,513.97,513.75,513.95,48653.0,513.94,0.009999999999990905,513.6685,513.8523127078148,74.99999999999312,0.10401073326465848,0.06383400713096782,514.2762144411876,513.0607855588124,71764.45
2024-04-10 14:50:00-04:00,513.92,514.17,513.78,514.12,57013.0,513.95,-0.030000000000086402,513.7090000000001,513.893495368151,77.03703703703043,0.11766020653044507,0.07459924701086328,514.3240361563415,513.0939638436586,71013.6
2024-04-10 14:51:00-04:00,514.11,514.18,513.9,513.97,54756.0,514.12,-0.009999999999990905,513.733,513.9052653115124,69.3333333333303,0.11504756927115523,0.08268891146292166,514.3495131150072,513.1164868849927,70852.05
2024-04-10 14:52:00-04:00,513.98,514.08,513.38,513.45,182815.0,513.97,0.009999999999990905,513.744,513.8352244943567,42.0118343195285,0.07020806635557619,0.08019274244145258,514.3298111784231,513.1581888215769,77624.0
2024-04-10 14:53:00-04:00,513.49,513.57,513.34,513.45,92964.0,513.45,0.03999999999996362,513.76,513.7759591875326,35.94771241830517,0.03427730975386112,0.0710096559039343,514.290024825563,513.229975174437,78220.25
2024-04-10 14:54:00-04:00,513.46,513.72,513.44,513.55,94111.0,513.45,0.009999999999990905,513.7715000000001,513.7411962356045,39.87730061349707,0.013713015439066112,0.05955032781096066,514.2703945674162,513.2726054325839,80135.4
2024-04-10 14:55:00-04:00,513.53,513.55,513.02,513.06,123777.0,513.55,-0.01999999999998181,513.758,513.6363968147423,32.33830845771246,-0.041643203929425,0.03931162146288353,514.3180601470777,513.1979398529223,83746.35
2024-04-10 14:56:00-04:00,513.05,513.09,512.78,512.78,142216.0,513.06,-0.009999999999990905,513.7275,513.504643458628,22.274881516587627,-0.10687507717909739,0.010074281734487345,514.4221979653641,513.0328020346358,87947.35
2024-04-10 14:57:00-04:00,512.77,512.89,512.7,512.72,111564.0,512.78,-0.009999999999990905,513.6940000000001,513.3839290803776,22.169811320755954,-0.16155104536971976,-0.02425078368635408,514.5110653519741,512.876934648026,91212.65
2024-04-10 14:58:00-04:00,512.73,512.84,512.56,512.75,100058.0,512.72,0.009999999999990905,513.6455,513.2864015295503,23.255813953488612,-0.20015414243800933,-0.059431455436685134,514.5648241224005,512.7261758775994,91035.05
2024-04-10 14:59:00-04:00,512.77,512.82,512.61,512.63,149688.0,512.75,0.01999999999998181,513.583,513.1854166788503,22.12389380530982,-0.23769042484252623,-0.09508324931785336,514.5999738390909,512.566026160909,92825.65
2024-04-10 15:00:00-04:00,512.63,513.01,512.57,513.01,119992.0,512.63,0.0,513.5395,513.1584294974887,28.45528455284365,-0.2340770800046812,-0.12288201545521894,514.5771993783949,512.5018006216051,93789.5
2024-04-10 15:01:00-04:00,513.01,513.22,512.67,512.72,128612.0,513.01,0.0,513.487,513.0909788055674,26.81992337164708,-0.2517124698894122,-0.1486481063420576,514.5803502351775,512.3936497648224,95240.1
2024-04-10 15:02:00-04:00,512.71,512.75,512.49,512.62,108916.0,512.72,-0.009999999999990905,513.4205,513.0185205277878,25.555555555551962,-0.2706380605981167,-0.17304609719326944,514.5562441334922,512.2847558665077,96810.15
2024-04-10 15:03:00-04:00,512.62,512.83,512.61,512.69,99266.0,512.62,0.0,513.36,512.9679789081282,27.173913043476475,-0.27679756259954047,-0.19379639027452367,514.5169105865116,512.2030894134884,98427.2
2024-04-10 15:04:00-04:00,512.67,512.75,512.53,512.56,68425.0,512.69,-0.020000000000095497,513.293,512.9052129222623,21.323529411762706,-0.2888393654485526,-0.21280498530932945,514.4732069398929,512.1127930601072,97808.35
2024-04-10 15:05:00-04:00,512.57,512.7,512.44,512.49,82049.0,512.56,0.010000000000104592,513.223,512.841334011145,21.969696969695278,-0.3005662552538979,-0.23035723929824314,514.4200683487156,512.0259316512843,98663.3
2024-04-10 15:06:00-04:00,512.5,512.71,512.46,512.64,95643.0,512.49,0.009999999999990905,513.1514999999999,512.810359547892,32.15859030836771,-0.29436292099592265,-0.24315837563777906,514.3056098186919,511.99739018130794,99714.8
2024-04-10 15:07:00-04:00,512.65,513.17,512.57,513.17,130409.0,512.64,0.009999999999990905,513.1134999999999,512.8656888482162,44.999999999998174,-0.2438689933466094,-0.24330049917954513,514.2082006319541,512.0187993680457,102282.15
2024-04-10 15:08:00-04:00,513.17,513.27,512.89,512.93,110272.0,513.17,0.0,513.063,512.8755828715675,39.45578231292489,-0.22067438913882143,-0.2387752771714004,514.0881387582177,512.0378612417823,105059.95
2024-04-10 15:09:00-04:00,512.92,513.23,512.88,513.23,54969.0,512.93,-0.009999999999990905,513.0269999999999,512.930108583634,53.090909090910415,-0.17605554664964984,-0.2262313310670503,513.9681102066007,512.0858897933991,105375.75
2024-04-10 15:10:00-04:00,513.24,513.52,513.17,513.27,163000.0,513.23,0.009999999999990905,512.9844999999999,512.9823995707673,59.76095617529902,-0.13590054986582345,-0.20816517482680494,513.7838806812772,512.1851193187226,110675.1
2024-04-10 15:11:00-04:00,513.25,513.45,513.22,513.31,117937.0,513.27,-0.01999999999998181,512.9514999999999,513.032799636803,61.84738955823125,-0.0997004748942345,-0.18647223484029085,513.6240059185174,512.2789940814824,113834.15
2024-04-10 15:12:00-04:00,513.29,513.34,513.18,513.29,69378.0,513.31,-0.01999999999998181,512.9435,513.0723689234487,60.88709677419273,-0.07179784664128874,-0.16353735720049045,513.5945000403581,512.2924999596419,108162.3
2024-04-10 15:13:00-04:00,513.29,513.79,513.25,513.76,151585.0,513.29,0.0,512.9590000000001,513.1781583198413,69.9646643109537,-0.011625726538341041,-0.13315503106806056,513.6725353050088,512.2454646949914,111093.35
2024-04-10 15:14:00-04:00,513.76,514.09,513.64,514.07,226412.0,513.76,0.0,512.985,513.3153647321734,69.20289855072498,0.0603795040441355,-0.09444812404562136,513.8172322549811,512.1527677450189,117708.4
2024-04-10 15:15:00-04:00,514.06,514.48,513.97,514.32,262318.0,514.07,-0.010000000000104592,513.048,513.4699240041467,79.41176470588124,0.13604879291585803,-0.048348740653325485,514.0726560398085,512.0233439601915,124635.45
2024-04-10 15:16:00-04:00,514.31,514.36,514.1,514.27,227519.0,514.32,-0.010000000000104592,513.1225000000001,513.5930126188933,80.8988764044918,0.18979483071666436,-0.0007200263793275132,514.2739361741212,511.9710638258789,128900.6
2024-04-10 15:17:00-04:00,514.27,514.43,513.83,513.99,158253.0,514.27,0.0,513.1859999999999,513.6540876006021,72.5694444444428,0.20740446340153085,0.04090487157684416,514.3831439696745,511.98885603032534,131235.05
2024-04-10 15:18:00-04:00,514.01,514.16,513.96,514.13,73156.0,513.99,0.01999999999998181,513.2549999999999,513.7273048928172,77.16262975778646,0.23000569170551444,0.07872503560257822,514.5042776860091,512.0057223139906,129889.95
2024-04-10 15:19:00-04:00,514.14,514.4,514.14,514.33,118949.0,514.13,0.009999999999990905,513.34,513.8200272169992,80.46357615893996,0.2610464752291364,0.11518932352788985,514.6405100213797,512.0394899786204,128353.0
2024-04-10 15:20:00-04:00,514.35,514.84,514.32,514.55,175226.0,514.33,0.01999999999998181,513.417,513.9323307220762,80.90614886731308,0.29994114636326685,0.15213968809496525,514.8140208904456,512.0199791095545,131114.7
2024-04-10 15:21:00-04:00,514.58,514.73,514.23,514.33,184548.0,514.55,0.030000000000086402,513.4975000000001,513.9935106109876,70.86330935251966,0.3094461890311777,0.18360098828220775,514.9108629175705,512.0841370824296,133911.5
2024-04-10 15:22:00-04:00,514.33,514.5,514.18,514.38,180703.0,514.33,0.0,513.5854999999999,514.0529705169895,77.99227799227975,0.31735531147421625,0.21035185292060946,514.9879411048431,512.1830588951567,137500.85
2024-04-10 15:23:00-04:00,514.42,514.48,514.3,514.38,70587.0,514.38,0.03999999999996362,513.67,514.103282745145,75.109170305678,0.3199353326308483,0.23226854886265724,515.0487103050265,512.2912896949734,136066.9
2024-04-10 15:24:00-04:00,514.37,514.78,514.37,514.76,127533.0,514.38,-0.009999999999990905,513.78,514.2043161689688,78.32699619772008,0.3486241203446525,0.2555396631590563,515.1366987797119,512.4233012202881,139022.3
2024-04-10 15:25:00-04:00,514.76,515.07,514.64,514.97,213046.0,514.76,0.0,513.904,514.3221136814352,79.64285714285909,0.38388030307953613,0.2812077911431523,515.216889942046,512.591110057954,145572.15
2024-04-10 15:26:00-04:00,514.94,515.07,514.72,514.73,209770.0,514.97,-0.029999999999972715,514.0085,514.3848654227529,73.84105960265006,0.3879826650161249,0.30256276591774683,515.2270975545383,512.7899024454617,151278.5
2024-04-10 15:27:00-04:00,514.74,514.75,514.45,514.51,146388.0,514.73,0.009999999999990905,514.0755,514.4041168961755,63.5379061371842,0.36922545382662975,0.31589530349952344,515.2464011374202,512.9045988625799,152077.45
2024-04-10 15:28:00-04:00,514.51,514.69,514.47,514.59,80062.0,514.51,0.0,514.1585,514.432714296764,60.23622047244073,0.35670370199648005,0.3240569831989148,515.2175020127868,513.0994979872132,150566.95
2024-04-10 15:29:00-04:00,514.61,514.62,514.21,514.26,88043.0,514.59,0.01999999999998181,514.21,514.4061428664926,48.85496183205994,0.316503426893064,0.32254627193774466,515.1748779578855,513.2451220421145,152220.65
2024-04-10 15:30:00-04:00,514.26,514.37,513.71,513.8,166173.0,514.26,0.0,514.2365,514.3128901178014,42.244224422441725,0.24470545150552425,0.3069781078513006,515.1182034946969,513.354796505303,152379.3
2024-04-10 15:31:00-04:00,513.81,513.94,513.69,513.84,205635.0,513.8,0.009999999999990905,514.263,514.2401377919858,47.31182795698973,0.1888556935637098,0.2833536249937824,515.0547229711758,513.4712770288243,156764.2
2024-04-10 15:32:00-04:00,513.84,513.95,513.57,513.65,243423.0,513.84,0.0,514.2810000000001,514.1493473624496,41.549295774648,0.12778986391060698,0.25224087277714735,514.991815691511,513.5701843084892,165466.45
2024-04-10 15:33:00-04:00,513.66,513.77,513.41,513.47,139644.0,513.65,0.009999999999990905,514.2665,514.0448323836112,34.75177304964542,0.06413099607505046,0.214618897436728,515.031807643633,513.5011923563669,164869.4
2024-04-10 15:34:00-04:00,513.49,513.71,513.48,513.71,144608.0,513.47,0.01999999999998181,514.2484999999999,513.9933197092095,35.211267605635996,0.03267027630568009,0.17822917321051843,515.0493751791389,513.4476248208609,160779.2
2024-04-10 15:35:00-04:00,513.69,513.96,513.54,513.74,312324.0,513.71,-0.01999999999998181,514.2195,513.9543474462541,38.86792452830214,0.01004241578766596,0.14459182172594795,515.050896415634,513.388103584366,163279.5
2024-04-10 15:36:00-04:00,513.75,513.83,513.51,513.51,120935.0,513.74,0.009999999999990905,514.1814999999999,513.8859863006766,34.62897526501905,-0.02614798679235264,0.11044386002228784,515.0706456573186,513.2923543426813,157950.3
2024-04-10 15:37:00-04:00,513.51,513.89,513.49,513.74,200107.0,513.51,0.0,514.1690000000001,513.8635268698033,39.54248366013192,-0.035856729704960344,0.0811837420768382,515.0763245806576,513.2616754193426,160043.0
2024-04-10 15:38:00-04:00,513.75,513.86,513.61,513.69,166576.0,513.74,0.009999999999990905,514.1469999999999,513.8368304282951,30.402930402933336,-0.047043274953239234,0.05553833867082272,515.0792999291123,513.2147000708876,164714.0
2024-04-10 15:39:00-04:00,513.68,513.69,513.45,513.48,121603.0,513.69,-0.010000000000104592,514.1045,513.7819334393266,22.710622710625003,-0.07202369331071168,0.030025932274515846,515.0782496705932,513.1307503294069,164846.7
2024-04-10 15:40:00-04:00,513.5,513.89,513.5,513.83,156092.0,513.48,0.01999999999998181,514.0685000000001,513.7893282948148,34.15492957746663,-0.06285423540498414,0.011449898738615849,515.0260027826982,513.1109972173019,163890.0
2024-04-10 15:41:00-04:00,513.84,514.25,513.84,514.16,253138.0,513.83,0.009999999999990905,514.0600000000001,513.8463547109972,44.06779661016943,-0.02862911328043083,0.0034340963348065134,515.0107227167466,513.1092772832535,167319.5
2024-04-10 15:42:00-04:00,514.15,514.31,514.08,514.26,176003.0,514.16,-0.009999999999990905,514.0540000000001,513.9099924477669,44.444444444444024,0.006488906769050118,0.004045058421655235,514.9977082510424,513.1102917489578,167084.5
2024-04-10 15:43:00-04:00,514.24,514.48,514.16,514.39,156269.0,514.26,-0.01999999999998181,514.0545,513.983839763495,52.346570397111755,0.04429944775631611,0.012095936288587412,514.998945813514,513.110054186486,171368.6
2024-04-10 15:44:00-04:00,514.39,514.61,514.34,514.55,141427.0,514.39,0.0,514.044,514.0709413383419,65.18218623481765,0.08618178673202692,0.026913106377275314,514.9596510481796,513.1283489518204,172063.3
2024-04-10 15:45:00-04:00,514.54,514.6,514.34,514.46,223056.0,514.55,-0.009999999999990905,514.0185,514.1307965170586,62.301587301588036,0.11083396927165268,0.04369727895615079,514.8501192195006,513.1868807804995,172563.8
2024-04-10 15:46:00-04:00,514.47,514.83,514.38,514.8,243742.0,514.46,0.009999999999990905,514.022,514.2337508990496,71.53558052434632,0.15600779924693597,0.06615938301430783,514.866713592029,513.1772864079711,174262.4
2024-04-10 15:47:00-04:00,514.79,515.0,514.71,514.73,320313.0,514.8,-0.009999999999990905,514.033,514.3100969145804,74.60937500000253,0.1840384888372455,0.08973520417889537,514.9095986898718,513.1564013101282,182958.65
2024-04-10 15:48:00-04:00,514.73,514.74,514.52,514.63,265273.0,514.73,0.0,514.0350000000001,514.3593127738758,69.00826446281118,0.19592534263210837,0.11097323186953797,514.9171146839933,513.1528853160069,192219.2
2024-04-10 15:49:00-04:00,514.64,514.9,514.62,514.65,360764.0,514.63,0.009999999999990905,514.0545,514.4040338855872,68.8796680497939,0.20460107888004586,0.12969880127163957,514.974007305103,513.1349926948969,205855.25
2024-04-10 15:50:00-04:00,514.67,514.79,514.24,514.39,402190.0,514.65,0.01999999999998181,514.0840000000001,514.4018748262661,68.03278688524793,0.18832593116690077,0.14142422725069181,515.0069791580764,513.1610208419237,217656.1
2024-04-10 15:51:00-04:00,514.43,514.69,514.31,514.46,277441.0,514.39,0.03999999999996362,514.115,514.4108171606866,65.78947368421288,0.1790126281873654,0.14894190743802654,515.0450933738815,513.1849066261185,221246.4
2024-04-10 15:52:00-04:00,514.45,514.47,514.33,514.35,297038.0,514.46,-0.009999999999990905,514.15,514.4014606744272,64.1025641025646,0.16090092211311458,0.15133371037304416,515.0588570033617,513.2411429966382,223927.15
2024-04-10 15:53:00-04:00,514.36,514.66,514.26,514.49,297906.0,514.35,0.009999999999990905,514.201,514.4150821091307,72.2466960352445,0.1560453014325276,0.15227602858494085,515.0624284342283,513.3395715657717,231840.25
2024-04-10 15:54:00-04:00,514.5,514.72,514.44,514.68,404991.0,514.49,0.009999999999990905,514.2495000000001,514.455838707726,70.1421800947877,0.1656194413387766,0.154944711135708,515.1037272592557,513.3952727407445,244859.4
2024-04-10 15:55:00-04:00,514.67,514.98,514.49,514.52,424036.0,514.68,-0.009999999999990905,514.2884999999999,514.4657096757682,59.27835051546564,0.1584696142984967,0.15564969176826576,515.1155753799623,513.4614246200375,250445.0
2024-04-10 15:56:00-04:00,514.51,514.71,514.5,514.65,271706.0,514.52,-0.009999999999990905,514.3455,514.4940620333423,59.89847715736163,0.16143234679634588,0.1568062227738818,515.100677915554,513.590322084446,257983.55
2024-04-10 15:57:00-04:00,514.65,515.01,514.59,514.97,383068.0,514.65,0.0,514.4069999999999,514.5672832589819,63.42592592592848,0.18744095662452764,0.16293316954401096,515.1548558824954,513.6591441175044,267131.6
2024-04-10 15:58:00-04:00,514.97,514.99,514.77,514.95,665067.0,514.97,0.0,514.47,514.6261627576,59.90099009901335,0.2040865517135444,0.17116384597791767,515.1745715382862,513.7654284617139,292056.15
2024-04-10 15:59:00-04:00,514.95,514.96,514.08,514.16,1866419.0,514.95,0.0,514.504,514.5544454102769,44.48529411764563,0.15178225667830247,0.16728752811799463,515.0566738830307,513.9513261169693,379296.95
